Using pre-set license
Built from '2022.3/staging' branch; Version is '2022.3.59f1 (630718f645a5) revision 6489880'; Using compiler version '192829333'; Build Type 'Release'
OS: 'Windows 11  (10.0.26100) 64bit Professional' Language: 'ko' Physical Memory: 32558 MB
BatchMode: 1, IsHumanControllingUs: 0, StartBugReporterOnCrash: 0, Is64bit: 1, IsPro: 1

COMMAND LINE ARGUMENTS:
C:\Program Files\Unity\Hub\Editor\2022.3.59f1\Editor\Unity.exe
-adb2
-batchMode
-noUpm
-name
AssetImportWorker0
-projectPath
C:/Users/102-21/ahf-fn
-logFile
Logs/AssetImportWorker0.log
-srvPort
52472
Successfully changed project path to: C:/Users/102-21/ahf-fn
C:/Users/102-21/ahf-fn
[UnityMemory] Configuration Parameters - Can be set up in boot.config
    "memorysetup-bucket-allocator-granularity=16"
    "memorysetup-bucket-allocator-bucket-count=8"
    "memorysetup-bucket-allocator-block-size=33554432"
    "memorysetup-bucket-allocator-block-count=8"
    "memorysetup-main-allocator-block-size=16777216"
    "memorysetup-thread-allocator-block-size=16777216"
    "memorysetup-gfx-main-allocator-block-size=16777216"
    "memorysetup-gfx-thread-allocator-block-size=16777216"
    "memorysetup-cache-allocator-block-size=4194304"
    "memorysetup-typetree-allocator-block-size=2097152"
    "memorysetup-profiler-bucket-allocator-granularity=16"
    "memorysetup-profiler-bucket-allocator-bucket-count=8"
    "memorysetup-profiler-bucket-allocator-block-size=33554432"
    "memorysetup-profiler-bucket-allocator-block-count=8"
    "memorysetup-profiler-allocator-block-size=16777216"
    "memorysetup-profiler-editor-allocator-block-size=1048576"
    "memorysetup-temp-allocator-size-main=16777216"
    "memorysetup-job-temp-allocator-block-size=2097152"
    "memorysetup-job-temp-allocator-block-size-background=1048576"
    "memorysetup-job-temp-allocator-reduction-small-platforms=262144"
    "memorysetup-allocator-temp-initial-block-size-main=262144"
    "memorysetup-allocator-temp-initial-block-size-worker=262144"
    "memorysetup-temp-allocator-size-background-worker=32768"
    "memorysetup-temp-allocator-size-job-worker=262144"
    "memorysetup-temp-allocator-size-preload-manager=33554432"
    "memorysetup-temp-allocator-size-nav-mesh-worker=65536"
    "memorysetup-temp-allocator-size-audio-worker=65536"
    "memorysetup-temp-allocator-size-cloud-worker=32768"
    "memorysetup-temp-allocator-size-gi-baking-worker=262144"
    "memorysetup-temp-allocator-size-gfx=262144"
Player connection [15364]  Target information:

Player connection [15364]  * "[IP] 172.16.4.68 [Port] 0 [Flags] 2 [Guid] 3933989336 [EditorId] 3933989336 [Version] 1048832 [Id] WindowsEditor(7,DESKTOP-8OFL6IJ) [Debug] 1 [PackageName] WindowsEditor [ProjectName] Editor" 

Player connection [15364] Host joined multi-casting on [225.0.0.222:54997]...
Player connection [15364] Host joined alternative multi-casting on [225.0.0.222:34997]...
Input System module state changed to: Initialized.
[PhysX] Initialized MultithreadedTaskDispatcher with 16 workers.
Refreshing native plugins compatible for Editor in 18.48 ms, found 4 plugins.
Preloading 0 native plugins for Editor in 0.00 ms.
Initialize engine version: 2022.3.59f1 (630718f645a5)
[Subsystems] Discovering subsystems at path C:/Program Files/Unity/Hub/Editor/2022.3.59f1/Editor/Data/Resources/UnitySubsystems
[Subsystems] Discovering subsystems at path C:/Users/102-21/ahf-fn/Assets
GfxDevice: creating device client; threaded=0; jobified=0
Direct3D:
    Version:  Direct3D 11.0 [level 11.1]
    Renderer: NVIDIA GeForce RTX 2080 (ID=0x1e82)
    Vendor:   NVIDIA
    VRAM:     7989 MB
    Driver:   32.0.15.6094
Initialize mono
Mono path[0] = 'C:/Program Files/Unity/Hub/Editor/2022.3.59f1/Editor/Data/Managed'
Mono path[1] = 'C:/Program Files/Unity/Hub/Editor/2022.3.59f1/Editor/Data/MonoBleedingEdge/lib/mono/unityjit-win32'
Mono config path = 'C:/Program Files/Unity/Hub/Editor/2022.3.59f1/Editor/Data/MonoBleedingEdge/etc'
Using monoOptions --debugger-agent=transport=dt_socket,embedding=1,server=y,suspend=n,address=127.0.0.1:56220
Begin MonoManager ReloadAssembly
Registering precompiled unity dll's ...
Register platform support module: C:/Program Files/Unity/Hub/Editor/2022.3.59f1/Editor/Data/PlaybackEngines/AndroidPlayer/UnityEditor.Android.Extensions.dll
Register platform support module: C:/Program Files/Unity/Hub/Editor/2022.3.59f1/Editor/Data/PlaybackEngines/WindowsStandaloneSupport/UnityEditor.WindowsStandalone.Extensions.dll
Registered in 0.013800 seconds.
- Loaded All Assemblies, in  0.373 seconds
Native extension for WindowsStandalone target not found
Native extension for Android target not found
Android Extension - Scanning For ADB Devices 4076 ms
Mono: successfully reloaded assembly
- Finished resetting the current domain, in  4.354 seconds
Domain Reload Profiling: 4724ms
	BeginReloadAssembly (117ms)
		ExecutionOrderSort (0ms)
		DisableScriptedObjects (0ms)
		BackupInstance (0ms)
		ReleaseScriptingObjects (0ms)
		CreateAndSetChildDomain (1ms)
	RebuildCommonClasses (33ms)
	RebuildNativeTypeToScriptingClass (10ms)
	initialDomainReloadingComplete (64ms)
	LoadAllAssembliesAndSetupDomain (146ms)
		LoadAssemblies (115ms)
		RebuildTransferFunctionScriptingTraits (0ms)
		AnalyzeDomain (143ms)
			TypeCache.Refresh (142ms)
				TypeCache.ScanAssembly (129ms)
			ScanForSourceGeneratedMonoScriptInfo (0ms)
			ResolveRequiredComponents (0ms)
	FinalizeReload (4355ms)
		ReleaseScriptCaches (0ms)
		RebuildScriptCaches (0ms)
		SetupLoadedEditorAssemblies (4312ms)
			LogAssemblyErrors (0ms)
			InitializePlatformSupportModulesInManaged (4151ms)
			SetLoadedEditorAssemblies (4ms)
			RefreshPlugins (0ms)
			BeforeProcessingInitializeOnLoad (2ms)
			ProcessInitializeOnLoadAttributes (110ms)
			ProcessInitializeOnLoadMethodAttributes (45ms)
			AfterProcessingInitializeOnLoad (0ms)
			EditorAssembliesLoaded (0ms)
		ExecutionOrderSort2 (0ms)
		AwakeInstancesAfterBackupRestoration (0ms)
========================================================================
Worker process is ready to serve import requests
Caller must complete domain reload
Begin MonoManager ReloadAssembly
- Loaded All Assemblies, in  0.651 seconds
Native extension for WindowsStandalone target not found
Native extension for Android target not found
Mono: successfully reloaded assembly
- Finished resetting the current domain, in  0.581 seconds
Domain Reload Profiling: 1227ms
	BeginReloadAssembly (146ms)
		ExecutionOrderSort (0ms)
		DisableScriptedObjects (5ms)
		BackupInstance (0ms)
		ReleaseScriptingObjects (0ms)
		CreateAndSetChildDomain (20ms)
	RebuildCommonClasses (31ms)
	RebuildNativeTypeToScriptingClass (10ms)
	initialDomainReloadingComplete (44ms)
	LoadAllAssembliesAndSetupDomain (415ms)
		LoadAssemblies (335ms)
		RebuildTransferFunctionScriptingTraits (0ms)
		AnalyzeDomain (169ms)
			TypeCache.Refresh (142ms)
				TypeCache.ScanAssembly (126ms)
			ScanForSourceGeneratedMonoScriptInfo (19ms)
			ResolveRequiredComponents (6ms)
	FinalizeReload (581ms)
		ReleaseScriptCaches (0ms)
		RebuildScriptCaches (0ms)
		SetupLoadedEditorAssemblies (447ms)
			LogAssemblyErrors (0ms)
			InitializePlatformSupportModulesInManaged (20ms)
			SetLoadedEditorAssemblies (4ms)
			RefreshPlugins (0ms)
			BeforeProcessingInitializeOnLoad (74ms)
			ProcessInitializeOnLoadAttributes (301ms)
			ProcessInitializeOnLoadMethodAttributes (37ms)
			AfterProcessingInitializeOnLoad (11ms)
			EditorAssembliesLoaded (0ms)
		ExecutionOrderSort2 (0ms)
		AwakeInstancesAfterBackupRestoration (8ms)
Launched and connected shader compiler UnityShaderCompiler.exe after 0.04 seconds
Refreshing native plugins compatible for Editor in 7.82 ms, found 4 plugins.
Preloading 0 native plugins for Editor in 0.00 ms.
Unloading 4071 Unused Serialized files (Serialized files now loaded: 0)
Unloading 32 unused Assets / (57.4 KB). Loaded Objects now: 4543.
Memory consumption went from 145.2 MB to 145.1 MB.
Total: 3.022500 ms (FindLiveObjects: 0.270700 ms CreateObjectMapping: 0.222600 ms MarkObjects: 2.447800 ms  DeleteObjects: 0.080800 ms)

AssetImportParameters requested are different than current active one (requested -> active):
  custom:container-demuxer-ogg: 62fdf1f143b41e24485cea50d1cbac27 -> 
  custom:video-codec-MediaFoundation-h265: 746d11721c4dcdbdad8f713fa42b33f4 -> 
  custom:video-decoder-ogg-theora: a1e56fd34408186e4bbccfd4996cb3dc -> 
  custom:framework-win-MediaFoundation: 216162199b28c13a410421893ffa2e32 -> 
  custom:CustomObjectIndexerAttribute: 9a22284fe3817be447336de3de66b15e -> 
  custom:container-demuxer-webm: 4f35f7cbe854078d1ac9338744f61a02 -> 
  custom:container-muxer-webm: aa71ff27fc2769a1b78a27578f13a17b -> 
  custom:video-decoder-webm-vp8: 9c59270c3fd7afecdb556c50c9e8de78 -> 
  custom:SearchIndexIgnoredProperties: e643bd26f0fe6173181afceb89e7c659 -> 
  custom:AudioImporter_EditorPlatform: d09bf68614088b80899f8185d706f6e7 -> 
  custom:video-encoder-webm-vp8: eb34c28f22e8b96e1ab97ce403110664 -> 
  custom:audio-decoder-ogg-vorbis: bf7c407c2cedff20999df2af8eb42d56 -> 
  custom:audio-encoder-webm-vorbis: bf7c407c2cedff20999df2af8eb42d56 -> 
========================================================================
Received Import Request.
  Time since last request: 770776.490078 seconds.
  path: Assets/Script/Canvas.prefab
  artifactKey: Guid(3c538062090734b4a8ccaa1bf6ecaa3e) Importer(815301076,1909f56bfc062723c751e8b465ee728b)
Start importing Assets/Script/Canvas.prefab using Guid(3c538062090734b4a8ccaa1bf6ecaa3e) Importer(815301076,1909f56bfc062723c751e8b465ee728b) [PhysX] Initialized MultithreadedTaskDispatcher with 16 workers.
 -> (artifact id: '2d91c066c50b77ddeda3359603e4ab87') in 0.272254 seconds
Number of updated asset objects reloaded before import = 0
Number of asset objects unloaded after import = 28
========================================================================
Received Import Request.
  Time since last request: 0.000020 seconds.
  path: Assets/Script/gem-1 1.prefab
  artifactKey: Guid(7e6d45ea22aca884880814728028d109) Importer(815301076,1909f56bfc062723c751e8b465ee728b)
Start importing Assets/Script/gem-1 1.prefab using Guid(7e6d45ea22aca884880814728028d109) Importer(815301076,1909f56bfc062723c751e8b465ee728b) [PhysX] Initialized MultithreadedTaskDispatcher with 16 workers.
[PhysX] Initialized MultithreadedTaskDispatcher with 16 workers.
 -> (artifact id: 'c263c82febc8e0535abc01a7538d2aed') in 0.055517 seconds
Number of updated asset objects reloaded before import = 0
Number of asset objects unloaded after import = 9
========================================================================
Received Import Request.
  Time since last request: 0.000013 seconds.
  path: Assets/Script/HelpPanel.prefab
  artifactKey: Guid(70357b64945ff6b418840eb6c1ea5efb) Importer(815301076,1909f56bfc062723c751e8b465ee728b)
Start importing Assets/Script/HelpPanel.prefab using Guid(70357b64945ff6b418840eb6c1ea5efb) Importer(815301076,1909f56bfc062723c751e8b465ee728b) [PhysX] Initialized MultithreadedTaskDispatcher with 16 workers.
 -> (artifact id: 'a16b3edf1878556299cadfe60df1df72') in 0.002334 seconds
Number of updated asset objects reloaded before import = 0
Number of asset objects unloaded after import = 10
========================================================================
Received Import Request.
  Time since last request: 0.000011 seconds.
  path: Assets/Script/기본화살.prefab
  artifactKey: Guid(a129fd851c0cd604097b7466a58c4b78) Importer(815301076,1909f56bfc062723c751e8b465ee728b)
Start importing Assets/Script/기본화살.prefab using Guid(a129fd851c0cd604097b7466a58c4b78) Importer(815301076,1909f56bfc062723c751e8b465ee728b) [PhysX] Initialized MultithreadedTaskDispatcher with 16 workers.
[PhysX] Initialized MultithreadedTaskDispatcher with 16 workers.
 -> (artifact id: 'b391348c8e72a8164cb09d097d03d25b') in 0.006808 seconds
Number of updated asset objects reloaded before import = 0
Number of asset objects unloaded after import = 9
========================================================================
Received Import Request.
  Time since last request: 0.000013 seconds.
  path: Assets/Script/New Physics Material 2D.physicsMaterial2D
  artifactKey: Guid(abd02d3294654c4408928dda75b35885) Importer(815301076,1909f56bfc062723c751e8b465ee728b)
Start importing Assets/Script/New Physics Material 2D.physicsMaterial2D using Guid(abd02d3294654c4408928dda75b35885) Importer(815301076,1909f56bfc062723c751e8b465ee728b) [PhysX] Initialized MultithreadedTaskDispatcher with 16 workers.
 -> (artifact id: '7bbda0a071bd4a855f1f78d43081988f') in 0.000951 seconds
Number of updated asset objects reloaded before import = 0
Number of asset objects unloaded after import = 1
========================================================================
Received Import Request.
  Time since last request: 0.000074 seconds.
  path: Assets/Script/직업궁수.prefab
  artifactKey: Guid(796c338d7df221d439e63ea2c9d44118) Importer(815301076,1909f56bfc062723c751e8b465ee728b)
Start importing Assets/Script/직업궁수.prefab using Guid(796c338d7df221d439e63ea2c9d44118) Importer(815301076,1909f56bfc062723c751e8b465ee728b) [PhysX] Initialized MultithreadedTaskDispatcher with 16 workers.
[PhysX] Initialized MultithreadedTaskDispatcher with 16 workers.
 -> (artifact id: '85eea8bea0e76af9b265337ff233c056') in 0.010759 seconds
Number of updated asset objects reloaded before import = 0
Number of asset objects unloaded after import = 39
========================================================================
Received Import Request.
  Time since last request: 0.000013 seconds.
  path: Assets/Script/gem-1 2.prefab
  artifactKey: Guid(f155910485ca0154e911f333bd55a6d4) Importer(815301076,1909f56bfc062723c751e8b465ee728b)
Start importing Assets/Script/gem-1 2.prefab using Guid(f155910485ca0154e911f333bd55a6d4) Importer(815301076,1909f56bfc062723c751e8b465ee728b) [PhysX] Initialized MultithreadedTaskDispatcher with 16 workers.
[PhysX] Initialized MultithreadedTaskDispatcher with 16 workers.
 -> (artifact id: 'cb711e5a7b7951225c8308c2ce9f69dc') in 0.006163 seconds
Number of updated asset objects reloaded before import = 0
Number of asset objects unloaded after import = 9
========================================================================
Received Import Request.
  Time since last request: 0.000012 seconds.
  path: Assets/Script/Button.prefab
  artifactKey: Guid(5b6a5ee3f792ee044a8b51b52443bc30) Importer(815301076,1909f56bfc062723c751e8b465ee728b)
Start importing Assets/Script/Button.prefab using Guid(5b6a5ee3f792ee044a8b51b52443bc30) Importer(815301076,1909f56bfc062723c751e8b465ee728b) [PhysX] Initialized MultithreadedTaskDispatcher with 16 workers.
 -> (artifact id: '5382d7dc511da2a7933aa60c5dd90920') in 0.019768 seconds
Number of updated asset objects reloaded before import = 0
Number of asset objects unloaded after import = 19
========================================================================
Received Import Request.
  Time since last request: 0.000012 seconds.
  path: Assets/Script/직업법사 1.prefab
  artifactKey: Guid(fffcb73a5148e734680bec76cde62bea) Importer(815301076,1909f56bfc062723c751e8b465ee728b)
Start importing Assets/Script/직업법사 1.prefab using Guid(fffcb73a5148e734680bec76cde62bea) Importer(815301076,1909f56bfc062723c751e8b465ee728b) [PhysX] Initialized MultithreadedTaskDispatcher with 16 workers.
[PhysX] Initialized MultithreadedTaskDispatcher with 16 workers.
 -> (artifact id: 'd351085850e1d92332f5c9f25d1701c6') in 0.005737 seconds
Number of updated asset objects reloaded before import = 0
Number of asset objects unloaded after import = 11
========================================================================
Received Import Request.
  Time since last request: 0.000012 seconds.
  path: Assets/Script/탱커직.prefab
  artifactKey: Guid(40251fba896531640961427941c4912a) Importer(815301076,1909f56bfc062723c751e8b465ee728b)
Start importing Assets/Script/탱커직.prefab using Guid(40251fba896531640961427941c4912a) Importer(815301076,1909f56bfc062723c751e8b465ee728b) [PhysX] Initialized MultithreadedTaskDispatcher with 16 workers.
[PhysX] Initialized MultithreadedTaskDispatcher with 16 workers.
 -> (artifact id: '52e4f5b034cf9c8f43247f6888190a98') in 0.009166 seconds
Number of updated asset objects reloaded before import = 0
Number of asset objects unloaded after import = 32
========================================================================
Received Import Request.
  Time since last request: 0.000013 seconds.
  path: Assets/Script/직업전사 1.prefab
  artifactKey: Guid(4e6de949bd6e907478878b8456da410f) Importer(815301076,1909f56bfc062723c751e8b465ee728b)
Start importing Assets/Script/직업전사 1.prefab using Guid(4e6de949bd6e907478878b8456da410f) Importer(815301076,1909f56bfc062723c751e8b465ee728b) [PhysX] Initialized MultithreadedTaskDispatcher with 16 workers.
[PhysX] Initialized MultithreadedTaskDispatcher with 16 workers.
 -> (artifact id: 'c85305d91bb51a416cf1b0184c71a5e8') in 0.005611 seconds
Number of updated asset objects reloaded before import = 0
Number of asset objects unloaded after import = 11
========================================================================
Received Import Request.
  Time since last request: 0.000013 seconds.
  path: Assets/Script/New Physics Material 2D 1.physicsMaterial2D
  artifactKey: Guid(30594644683321e419416febd7e2270d) Importer(815301076,1909f56bfc062723c751e8b465ee728b)
Start importing Assets/Script/New Physics Material 2D 1.physicsMaterial2D using Guid(30594644683321e419416febd7e2270d) Importer(815301076,1909f56bfc062723c751e8b465ee728b) [PhysX] Initialized MultithreadedTaskDispatcher with 16 workers.
 -> (artifact id: 'b3e755e2811d86e8c064fc79ed9beb78') in 0.000860 seconds
Number of updated asset objects reloaded before import = 0
Number of asset objects unloaded after import = 1
========================================================================
Received Import Request.
  Time since last request: 0.000009 seconds.
  path: Assets/Script/Physics2DSettings.preset
  artifactKey: Guid(d91de925362aeb24bb528d29a7847cd0) Importer(815301076,1909f56bfc062723c751e8b465ee728b)
Start importing Assets/Script/Physics2DSettings.preset using Guid(d91de925362aeb24bb528d29a7847cd0) Importer(815301076,1909f56bfc062723c751e8b465ee728b) [PhysX] Initialized MultithreadedTaskDispatcher with 16 workers.
 -> (artifact id: '700f2bbb0a2f139e0f5e4588a6557c86') in 0.001162 seconds
Number of updated asset objects reloaded before import = 0
Number of asset objects unloaded after import = 1
========================================================================
Received Import Request.
  Time since last request: 0.000121 seconds.
  path: Assets/Script/법사직업.prefab
  artifactKey: Guid(dff725056f1164c49882075882b1f340) Importer(815301076,1909f56bfc062723c751e8b465ee728b)
Start importing Assets/Script/법사직업.prefab using Guid(dff725056f1164c49882075882b1f340) Importer(815301076,1909f56bfc062723c751e8b465ee728b) [PhysX] Initialized MultithreadedTaskDispatcher with 16 workers.
[PhysX] Initialized MultithreadedTaskDispatcher with 16 workers.
 -> (artifact id: '14a1cdd899272de3f1cf02bd6053237c') in 0.009505 seconds
Number of updated asset objects reloaded before import = 0
Number of asset objects unloaded after import = 38
========================================================================
Received Import Request.
  Time since last request: 0.000012 seconds.
  path: Assets/Script/Player.png
  artifactKey: Guid(10f3cacccb0c4c547be76836eba20664) Importer(815301076,1909f56bfc062723c751e8b465ee728b)
Start importing Assets/Script/Player.png using Guid(10f3cacccb0c4c547be76836eba20664) Importer(815301076,1909f56bfc062723c751e8b465ee728b) [PhysX] Initialized MultithreadedTaskDispatcher with 16 workers.
[PhysX] Initialized MultithreadedTaskDispatcher with 16 workers.
 -> (artifact id: '1ff99d4e1c2e7e57ef7f6b3f0c2c9542') in 0.040268 seconds
Number of updated asset objects reloaded before import = 0
Number of asset objects unloaded after import = 11
========================================================================
Received Import Request.
  Time since last request: 0.000012 seconds.
  path: Assets/Script/Characters.png
  artifactKey: Guid(4d701fb8bab94204e92af20e3e7b6a8a) Importer(815301076,1909f56bfc062723c751e8b465ee728b)
Start importing Assets/Script/Characters.png using Guid(4d701fb8bab94204e92af20e3e7b6a8a) Importer(815301076,1909f56bfc062723c751e8b465ee728b) [PhysX] Initialized MultithreadedTaskDispatcher with 16 workers.
[PhysX] Initialized MultithreadedTaskDispatcher with 16 workers.
 -> (artifact id: '2809242133a0493d83470e6bbfc69e3b') in 0.097830 seconds
Number of updated asset objects reloaded before import = 0
Number of asset objects unloaded after import = 72
========================================================================
Received Import Request.
  Time since last request: 0.000014 seconds.
  path: Assets/Script
  artifactKey: Guid(85b43cc02617af0478d21451a55a4c17) Importer(815301076,1909f56bfc062723c751e8b465ee728b)
Start importing Assets/Script using Guid(85b43cc02617af0478d21451a55a4c17) Importer(815301076,1909f56bfc062723c751e8b465ee728b) [PhysX] Initialized MultithreadedTaskDispatcher with 16 workers.
 -> (artifact id: '041cc009ec5edefcfa92f659229fbdea') in 0.000396 seconds
Number of updated asset objects reloaded before import = 0
Number of asset objects unloaded after import = 0
========================================================================
Received Import Request.
  Time since last request: 0.000058 seconds.
  path: Assets/Script/gem-1.prefab
  artifactKey: Guid(188370ca75baff1499bcb232a9d6efc9) Importer(815301076,1909f56bfc062723c751e8b465ee728b)
Start importing Assets/Script/gem-1.prefab using Guid(188370ca75baff1499bcb232a9d6efc9) Importer(815301076,1909f56bfc062723c751e8b465ee728b) [PhysX] Initialized MultithreadedTaskDispatcher with 16 workers.
[PhysX] Initialized MultithreadedTaskDispatcher with 16 workers.
 -> (artifact id: '3bc668cf27c52bb3b5a927842a64d4d1') in 0.005744 seconds
Number of updated asset objects reloaded before import = 0
Number of asset objects unloaded after import = 9
========================================================================
Received Import Request.
  Time since last request: 0.000013 seconds.
  path: Assets/Script/스톤엣지.prefab
  artifactKey: Guid(61a53c131ef10a74cb5e7d8ecb787442) Importer(815301076,1909f56bfc062723c751e8b465ee728b)
Start importing Assets/Script/스톤엣지.prefab using Guid(61a53c131ef10a74cb5e7d8ecb787442) Importer(815301076,1909f56bfc062723c751e8b465ee728b) [PhysX] Initialized MultithreadedTaskDispatcher with 16 workers.
[PhysX] Initialized MultithreadedTaskDispatcher with 16 workers.
 -> (artifact id: '3c84b89f30218ca721f9c1464904f1ae') in 0.005647 seconds
Number of updated asset objects reloaded before import = 0
Number of asset objects unloaded after import = 9
========================================================================
Received Import Request.
  Time since last request: 0.000012 seconds.
  path: Assets/Script/미니화살.prefab
  artifactKey: Guid(3da337660a577da4b9f7367767fed09c) Importer(815301076,1909f56bfc062723c751e8b465ee728b)
Start importing Assets/Script/미니화살.prefab using Guid(3da337660a577da4b9f7367767fed09c) Importer(815301076,1909f56bfc062723c751e8b465ee728b) [PhysX] Initialized MultithreadedTaskDispatcher with 16 workers.
[PhysX] Initialized MultithreadedTaskDispatcher with 16 workers.
 -> (artifact id: '2c4723b7ad6da0fd86b52f46e30ead01') in 0.006265 seconds
Number of updated asset objects reloaded before import = 0
Number of asset objects unloaded after import = 9
========================================================================
Received Import Request.
  Time since last request: 8.655297 seconds.
  path: Assets/Script/GameManager.cs
  artifactKey: Guid(e89fb1046e0cc9144b43f190358638ce) Importer(815301076,1909f56bfc062723c751e8b465ee728b)
Start importing Assets/Script/GameManager.cs using Guid(e89fb1046e0cc9144b43f190358638ce) Importer(815301076,1909f56bfc062723c751e8b465ee728b) [PhysX] Initialized MultithreadedTaskDispatcher with 16 workers.
 -> (artifact id: '476b84c2b896532d2847d819af108841') in 0.000880 seconds
Number of updated asset objects reloaded before import = 0
Number of asset objects unloaded after import = 0
========================================================================
Received Prepare
Caller must complete domain reload
Begin MonoManager ReloadAssembly
- Loaded All Assemblies, in  1.265 seconds
Native extension for WindowsStandalone target not found
Native extension for Android target not found
Mono: successfully reloaded assembly
- Finished resetting the current domain, in  0.559 seconds
Domain Reload Profiling: 1819ms
	BeginReloadAssembly (880ms)
		ExecutionOrderSort (0ms)
		DisableScriptedObjects (686ms)
		BackupInstance (0ms)
		ReleaseScriptingObjects (0ms)
		CreateAndSetChildDomain (43ms)
	RebuildCommonClasses (42ms)
	RebuildNativeTypeToScriptingClass (13ms)
	initialDomainReloadingComplete (44ms)
	LoadAllAssembliesAndSetupDomain (280ms)
		LoadAssemblies (368ms)
		RebuildTransferFunctionScriptingTraits (0ms)
		AnalyzeDomain (26ms)
			TypeCache.Refresh (9ms)
				TypeCache.ScanAssembly (1ms)
			ScanForSourceGeneratedMonoScriptInfo (10ms)
			ResolveRequiredComponents (6ms)
	FinalizeReload (559ms)
		ReleaseScriptCaches (0ms)
		RebuildScriptCaches (0ms)
		SetupLoadedEditorAssemblies (400ms)
			LogAssemblyErrors (0ms)
			InitializePlatformSupportModulesInManaged (19ms)
			SetLoadedEditorAssemblies (3ms)
			RefreshPlugins (0ms)
			BeforeProcessingInitializeOnLoad (73ms)
			ProcessInitializeOnLoadAttributes (263ms)
			ProcessInitializeOnLoadMethodAttributes (30ms)
			AfterProcessingInitializeOnLoad (12ms)
			EditorAssembliesLoaded (0ms)
		ExecutionOrderSort2 (0ms)
		AwakeInstancesAfterBackupRestoration (16ms)
Refreshing native plugins compatible for Editor in 7.80 ms, found 4 plugins.
Preloading 0 native plugins for Editor in 0.00 ms.
Unloading 4047 Unused Serialized files (Serialized files now loaded: 0)
Unloading 21 unused Assets / (32.7 KB). Loaded Objects now: 4586.
Memory consumption went from 144.5 MB to 144.4 MB.
Total: 3.478100 ms (FindLiveObjects: 0.257400 ms CreateObjectMapping: 0.181300 ms MarkObjects: 2.975300 ms  DeleteObjects: 0.063000 ms)

Prepare: number of updated asset objects reloaded= 0
AssetImportParameters requested are different than current active one (requested -> active):
  custom:container-demuxer-ogg: 62fdf1f143b41e24485cea50d1cbac27 -> 
  custom:scripting/monoscript/fileName/GameManager.cs: 9933fbcc6190e2a9171c2ec8808a053e -> 
  custom:video-codec-MediaFoundation-h265: 746d11721c4dcdbdad8f713fa42b33f4 -> 
  custom:video-decoder-ogg-theora: a1e56fd34408186e4bbccfd4996cb3dc -> 
  custom:framework-win-MediaFoundation: 216162199b28c13a410421893ffa2e32 -> 
  custom:CustomObjectIndexerAttribute: 9a22284fe3817be447336de3de66b15e -> 
  custom:container-demuxer-webm: 4f35f7cbe854078d1ac9338744f61a02 -> 
  custom:container-muxer-webm: aa71ff27fc2769a1b78a27578f13a17b -> 
  custom:video-decoder-webm-vp8: 9c59270c3fd7afecdb556c50c9e8de78 -> 
  custom:SearchIndexIgnoredProperties: e643bd26f0fe6173181afceb89e7c659 -> 
  custom:AudioImporter_EditorPlatform: d09bf68614088b80899f8185d706f6e7 -> 
  custom:video-encoder-webm-vp8: eb34c28f22e8b96e1ab97ce403110664 -> 
  custom:audio-decoder-ogg-vorbis: bf7c407c2cedff20999df2af8eb42d56 -> 
  custom:audio-encoder-webm-vorbis: bf7c407c2cedff20999df2af8eb42d56 -> 
  custom:scripting/precompiled-assembly-types:Assembly-CSharp: 1cdc834ea2c238e700f0f62710b9f310 -> 4c5b523d8f1eb9c015508154981ab5e0
========================================================================
Received Import Request.
  Time since last request: 276.236317 seconds.
  path: Assets/TextMesh Pro/Examples & Extras/Resources/Fonts & Materials/Anton SDF - Drop Shadow.mat
  artifactKey: Guid(749b9069dc4742c5bfa5c74644049926) Importer(815301076,1909f56bfc062723c751e8b465ee728b)
Start importing Assets/TextMesh Pro/Examples & Extras/Resources/Fonts & Materials/Anton SDF - Drop Shadow.mat using Guid(749b9069dc4742c5bfa5c74644049926) Importer(815301076,1909f56bfc062723c751e8b465ee728b) [PhysX] Initialized MultithreadedTaskDispatcher with 16 workers.
[PhysX] Initialized MultithreadedTaskDispatcher with 16 workers.
 -> (artifact id: 'f2a8d787d9987f51f4c7bc7c3f075657') in 0.122672 seconds
Number of updated asset objects reloaded before import = 0
Number of asset objects unloaded after import = 2
========================================================================
Received Import Request.
  Time since last request: 0.000019 seconds.
  path: Assets/Undead Survivor/Fonts/neodgm.ttf
  artifactKey: Guid(e715fcabbb6163e48b780b3b92979f8e) Importer(815301076,1909f56bfc062723c751e8b465ee728b)
Start importing Assets/Undead Survivor/Fonts/neodgm.ttf using Guid(e715fcabbb6163e48b780b3b92979f8e) Importer(815301076,1909f56bfc062723c751e8b465ee728b) [PhysX] Initialized MultithreadedTaskDispatcher with 16 workers.
[PhysX] Initialized MultithreadedTaskDispatcher with 16 workers.
[PhysX] Initialized MultithreadedTaskDispatcher with 16 workers.
 -> (artifact id: '0a352fcd5c60c70b25156381b90723d7') in 0.019509 seconds
Number of updated asset objects reloaded before import = 0
Number of asset objects unloaded after import = 4
========================================================================
Received Import Request.
  Time since last request: 0.000018 seconds.
  path: Assets/Bolt 2D JellyFarm VE2/Sprites/UI/Materials/Icon 4 Over.mat
  artifactKey: Guid(63328a97d48cbaa4fa80c33689373d6b) Importer(815301076,1909f56bfc062723c751e8b465ee728b)
Start importing Assets/Bolt 2D JellyFarm VE2/Sprites/UI/Materials/Icon 4 Over.mat using Guid(63328a97d48cbaa4fa80c33689373d6b) Importer(815301076,1909f56bfc062723c751e8b465ee728b) [PhysX] Initialized MultithreadedTaskDispatcher with 16 workers.
[PhysX] Initialized MultithreadedTaskDispatcher with 16 workers.
 -> (artifact id: '9771917759f5482d5daff638622bd0e2') in 0.011728 seconds
Number of updated asset objects reloaded before import = 0
Number of asset objects unloaded after import = 2
========================================================================
Received Import Request.
  Time since last request: 0.000028 seconds.
  path: Assets/TextMesh Pro/Examples & Extras/Resources/Fonts & Materials/Anton SDF.asset
  artifactKey: Guid(8a89fa14b10d46a99122fd4f73fca9a2) Importer(815301076,1909f56bfc062723c751e8b465ee728b)
Start importing Assets/TextMesh Pro/Examples & Extras/Resources/Fonts & Materials/Anton SDF.asset using Guid(8a89fa14b10d46a99122fd4f73fca9a2) Importer(815301076,1909f56bfc062723c751e8b465ee728b) [PhysX] Initialized MultithreadedTaskDispatcher with 16 workers.
[PhysX] Initialized MultithreadedTaskDispatcher with 16 workers.
[PhysX] Initialized MultithreadedTaskDispatcher with 16 workers.
 -> (artifact id: 'd5fda68eb7b1d19f34dfbf49da16d083') in 0.016806 seconds
Number of updated asset objects reloaded before import = 0
Number of asset objects unloaded after import = 6
========================================================================
Received Import Request.
  Time since last request: 0.000014 seconds.
  path: Assets/TextMesh Pro/Examples & Extras/Resources/Fonts & Materials/Electronic Highway Sign SDF.asset
  artifactKey: Guid(dc36b3fdc14f47ebb36fd484a67e268a) Importer(815301076,1909f56bfc062723c751e8b465ee728b)
Start importing Assets/TextMesh Pro/Examples & Extras/Resources/Fonts & Materials/Electronic Highway Sign SDF.asset using Guid(dc36b3fdc14f47ebb36fd484a67e268a) Importer(815301076,1909f56bfc062723c751e8b465ee728b) [PhysX] Initialized MultithreadedTaskDispatcher with 16 workers.
[PhysX] Initialized MultithreadedTaskDispatcher with 16 workers.
[PhysX] Initialized MultithreadedTaskDispatcher with 16 workers.
 -> (artifact id: '3dfc86aa9080edbd691cac8a030c34e5') in 0.009268 seconds
Number of updated asset objects reloaded before import = 0
Number of asset objects unloaded after import = 6
========================================================================
Received Import Request.
  Time since last request: 0.000013 seconds.
  path: Assets/TextMesh Pro/Resources/Fonts & Materials/LiberationSans SDF - Outline.mat
  artifactKey: Guid(79459efec17a4d00a321bdcc27bbc385) Importer(815301076,1909f56bfc062723c751e8b465ee728b)
Start importing Assets/TextMesh Pro/Resources/Fonts & Materials/LiberationSans SDF - Outline.mat using Guid(79459efec17a4d00a321bdcc27bbc385) Importer(815301076,1909f56bfc062723c751e8b465ee728b) [PhysX] Initialized MultithreadedTaskDispatcher with 16 workers.
[PhysX] Initialized MultithreadedTaskDispatcher with 16 workers.
 -> (artifact id: '57122ba18f9ffb143b16e56f038f6d07') in 0.062797 seconds
Number of updated asset objects reloaded before import = 0
Number of asset objects unloaded after import = 2
========================================================================
Received Import Request.
  Time since last request: 0.000013 seconds.
  path: Assets/TextMesh Pro/Examples & Extras/Resources/Fonts & Materials/LiberationSans SDF - Overlay.mat
  artifactKey: Guid(9ad269c99dcf42b7aedefd83dd5a7b9d) Importer(815301076,1909f56bfc062723c751e8b465ee728b)
Start importing Assets/TextMesh Pro/Examples & Extras/Resources/Fonts & Materials/LiberationSans SDF - Overlay.mat using Guid(9ad269c99dcf42b7aedefd83dd5a7b9d) Importer(815301076,1909f56bfc062723c751e8b465ee728b) [PhysX] Initialized MultithreadedTaskDispatcher with 16 workers.
[PhysX] Initialized MultithreadedTaskDispatcher with 16 workers.
 -> (artifact id: '37ca7bc4ebbf504dd5e8afba2e1be991') in 0.020138 seconds
Number of updated asset objects reloaded before import = 0
Number of asset objects unloaded after import = 2
========================================================================
Received Import Request.
  Time since last request: 0.000015 seconds.
  path: Assets/MaplestoryFont_TTF (1)/Maplestory Bold.ttf
  artifactKey: Guid(b0dc8f452ee8d814696a6527f144035a) Importer(815301076,1909f56bfc062723c751e8b465ee728b)
Start importing Assets/MaplestoryFont_TTF (1)/Maplestory Bold.ttf using Guid(b0dc8f452ee8d814696a6527f144035a) Importer(815301076,1909f56bfc062723c751e8b465ee728b) [PhysX] Initialized MultithreadedTaskDispatcher with 16 workers.
[PhysX] Initialized MultithreadedTaskDispatcher with 16 workers.
[PhysX] Initialized MultithreadedTaskDispatcher with 16 workers.
 -> (artifact id: '3e21daa497bccf6bf8e989e992d9ab77') in 0.008647 seconds
Number of updated asset objects reloaded before import = 0
Number of asset objects unloaded after import = 4
========================================================================
Received Import Request.
  Time since last request: 0.000013 seconds.
  path: Assets/TextMesh Pro/Examples & Extras/Fonts/Oswald-Bold.ttf
  artifactKey: Guid(c9f6d0e7bc8541498c9a4799ba184ede) Importer(815301076,1909f56bfc062723c751e8b465ee728b)
Start importing Assets/TextMesh Pro/Examples & Extras/Fonts/Oswald-Bold.ttf using Guid(c9f6d0e7bc8541498c9a4799ba184ede) Importer(815301076,1909f56bfc062723c751e8b465ee728b) [PhysX] Initialized MultithreadedTaskDispatcher with 16 workers.
[PhysX] Initialized MultithreadedTaskDispatcher with 16 workers.
[PhysX] Initialized MultithreadedTaskDispatcher with 16 workers.
 -> (artifact id: '3fd36cedd4f18c58e293a9a7d7dea117') in 0.008456 seconds
Number of updated asset objects reloaded before import = 0
Number of asset objects unloaded after import = 4
========================================================================
Received Import Request.
  Time since last request: 0.000029 seconds.
  path: Assets/TextMesh Pro/Examples & Extras/Fonts/Roboto-Bold.ttf
  artifactKey: Guid(4beb055f07aaff244873dec698d0363e) Importer(815301076,1909f56bfc062723c751e8b465ee728b)
Start importing Assets/TextMesh Pro/Examples & Extras/Fonts/Roboto-Bold.ttf using Guid(4beb055f07aaff244873dec698d0363e) Importer(815301076,1909f56bfc062723c751e8b465ee728b) [PhysX] Initialized MultithreadedTaskDispatcher with 16 workers.
[PhysX] Initialized MultithreadedTaskDispatcher with 16 workers.
[PhysX] Initialized MultithreadedTaskDispatcher with 16 workers.
 -> (artifact id: 'a446314904cf4dcf5a240b80ad7a9997') in 0.008305 seconds
Number of updated asset objects reloaded before import = 0
Number of asset objects unloaded after import = 4
========================================================================
Received Import Request.
  Time since last request: 0.000012 seconds.
  path: Assets/TextMesh Pro/Examples & Extras/Resources/Fonts & Materials/Roboto-Bold SDF - Drop Shadow.mat
  artifactKey: Guid(b246c4190f4e46ec9352fe15a7b09ce0) Importer(815301076,1909f56bfc062723c751e8b465ee728b)
Start importing Assets/TextMesh Pro/Examples & Extras/Resources/Fonts & Materials/Roboto-Bold SDF - Drop Shadow.mat using Guid(b246c4190f4e46ec9352fe15a7b09ce0) Importer(815301076,1909f56bfc062723c751e8b465ee728b) [PhysX] Initialized MultithreadedTaskDispatcher with 16 workers.
[PhysX] Initialized MultithreadedTaskDispatcher with 16 workers.
 -> (artifact id: 'ff6b583508db0dd94de7c86e2b453ad1') in 0.006689 seconds
Number of updated asset objects reloaded before import = 0
Number of asset objects unloaded after import = 2
========================================================================
Received Import Request.
  Time since last request: 0.000014 seconds.
  path: Assets/TextMesh Pro/Examples & Extras/Resources/Fonts & Materials/Bangers SDF - Outline.mat
  artifactKey: Guid(f629c6e43dba4bf38cb74d8860150664) Importer(815301076,1909f56bfc062723c751e8b465ee728b)
Start importing Assets/TextMesh Pro/Examples & Extras/Resources/Fonts & Materials/Bangers SDF - Outline.mat using Guid(f629c6e43dba4bf38cb74d8860150664) Importer(815301076,1909f56bfc062723c751e8b465ee728b) [PhysX] Initialized MultithreadedTaskDispatcher with 16 workers.
[PhysX] Initialized MultithreadedTaskDispatcher with 16 workers.
 -> (artifact id: '034bc9ceabd1f8802dc8ce0fe622f3c1') in 0.006541 seconds
Number of updated asset objects reloaded before import = 0
Number of asset objects unloaded after import = 2
========================================================================
Received Import Request.
  Time since last request: 0.000013 seconds.
  path: Assets/TextMesh Pro/Examples & Extras/Resources/Fonts & Materials/Anton SDF - Sunny Days.mat
  artifactKey: Guid(6522f30e342599e4e9dd4cc2cc03c830) Importer(815301076,1909f56bfc062723c751e8b465ee728b)
Start importing Assets/TextMesh Pro/Examples & Extras/Resources/Fonts & Materials/Anton SDF - Sunny Days.mat using Guid(6522f30e342599e4e9dd4cc2cc03c830) Importer(815301076,1909f56bfc062723c751e8b465ee728b) [PhysX] Initialized MultithreadedTaskDispatcher with 16 workers.
[PhysX] Initialized MultithreadedTaskDispatcher with 16 workers.
 -> (artifact id: '04480c80c25ec9ccd7163cb50f329c4a') in 0.094399 seconds
Number of updated asset objects reloaded before import = 0
Number of asset objects unloaded after import = 4
========================================================================
Received Import Request.
  Time since last request: 0.000016 seconds.
  path: Assets/TextMesh Pro/Examples & Extras/Resources/Fonts & Materials/Bangers SDF.asset
  artifactKey: Guid(125cb55b44b24c4393181402bc6200e6) Importer(815301076,1909f56bfc062723c751e8b465ee728b)
Start importing Assets/TextMesh Pro/Examples & Extras/Resources/Fonts & Materials/Bangers SDF.asset using Guid(125cb55b44b24c4393181402bc6200e6) Importer(815301076,1909f56bfc062723c751e8b465ee728b) [PhysX] Initialized MultithreadedTaskDispatcher with 16 workers.
[PhysX] Initialized MultithreadedTaskDispatcher with 16 workers.
[PhysX] Initialized MultithreadedTaskDispatcher with 16 workers.
 -> (artifact id: 'dbc7a329d622eacbcebdd8eb5e9374b8') in 0.011865 seconds
Number of updated asset objects reloaded before import = 0
Number of asset objects unloaded after import = 6
========================================================================
Received Import Request.
  Time since last request: 0.000044 seconds.
  path: Assets/TextMesh Pro/Resources/Fonts & Materials/LiberationSans SDF - Fallback.asset
  artifactKey: Guid(2e498d1c8094910479dc3e1b768306a4) Importer(815301076,1909f56bfc062723c751e8b465ee728b)
Start importing Assets/TextMesh Pro/Resources/Fonts & Materials/LiberationSans SDF - Fallback.asset using Guid(2e498d1c8094910479dc3e1b768306a4) Importer(815301076,1909f56bfc062723c751e8b465ee728b) [PhysX] Initialized MultithreadedTaskDispatcher with 16 workers.
[PhysX] Initialized MultithreadedTaskDispatcher with 16 workers.
[PhysX] Initialized MultithreadedTaskDispatcher with 16 workers.
 -> (artifact id: '6d17d2c002a89671596384c6371b8735') in 0.010420 seconds
Number of updated asset objects reloaded before import = 0
Number of asset objects unloaded after import = 6
========================================================================
Received Import Request.
  Time since last request: 0.000015 seconds.
  path: Assets/TextMesh Pro/Examples & Extras/Materials/Crate - Surface Shader Scene.mat
  artifactKey: Guid(e6b9b44320f4448d9d5e0ee634259966) Importer(815301076,1909f56bfc062723c751e8b465ee728b)
Start importing Assets/TextMesh Pro/Examples & Extras/Materials/Crate - Surface Shader Scene.mat using Guid(e6b9b44320f4448d9d5e0ee634259966) Importer(815301076,1909f56bfc062723c751e8b465ee728b) [PhysX] Initialized MultithreadedTaskDispatcher with 16 workers.
[PhysX] Initialized MultithreadedTaskDispatcher with 16 workers.
 -> (artifact id: 'd61a0bed6d041a9435b3c674f512f310') in 0.233290 seconds
Number of updated asset objects reloaded before import = 0
Number of asset objects unloaded after import = 3
========================================================================
Received Import Request.
  Time since last request: 0.000015 seconds.
  path: Assets/TextMesh Pro/Examples & Extras/Resources/Fonts & Materials/Bangers SDF - Drop Shadow.mat
  artifactKey: Guid(f2dcf029949142e28b974630369c8b4e) Importer(815301076,1909f56bfc062723c751e8b465ee728b)
Start importing Assets/TextMesh Pro/Examples & Extras/Resources/Fonts & Materials/Bangers SDF - Drop Shadow.mat using Guid(f2dcf029949142e28b974630369c8b4e) Importer(815301076,1909f56bfc062723c751e8b465ee728b) [PhysX] Initialized MultithreadedTaskDispatcher with 16 workers.
[PhysX] Initialized MultithreadedTaskDispatcher with 16 workers.
 -> (artifact id: 'd18c921ec52e3ea822c5145aba869206') in 0.006986 seconds
Number of updated asset objects reloaded before import = 0
Number of asset objects unloaded after import = 2
========================================================================
Received Import Request.
  Time since last request: 0.000038 seconds.
  path: Assets/TextMesh Pro/Examples & Extras/Fonts/Electronic Highway Sign.TTF
  artifactKey: Guid(8a2b9e2a607dd2143b58c44bc32410b4) Importer(815301076,1909f56bfc062723c751e8b465ee728b)
Start importing Assets/TextMesh Pro/Examples & Extras/Fonts/Electronic Highway Sign.TTF using Guid(8a2b9e2a607dd2143b58c44bc32410b4) Importer(815301076,1909f56bfc062723c751e8b465ee728b) [PhysX] Initialized MultithreadedTaskDispatcher with 16 workers.
[PhysX] Initialized MultithreadedTaskDispatcher with 16 workers.
[PhysX] Initialized MultithreadedTaskDispatcher with 16 workers.
 -> (artifact id: 'f93019e763b134649657821480d2ce08') in 0.008071 seconds
Number of updated asset objects reloaded before import = 0
Number of asset objects unloaded after import = 4
========================================================================
Received Import Request.
  Time since last request: 0.000013 seconds.
  path: Assets/TextMesh Pro/Fonts/LiberationSans.ttf
  artifactKey: Guid(e3265ab4bf004d28a9537516768c1c75) Importer(815301076,1909f56bfc062723c751e8b465ee728b)
Start importing Assets/TextMesh Pro/Fonts/LiberationSans.ttf using Guid(e3265ab4bf004d28a9537516768c1c75) Importer(815301076,1909f56bfc062723c751e8b465ee728b) [PhysX] Initialized MultithreadedTaskDispatcher with 16 workers.
[PhysX] Initialized MultithreadedTaskDispatcher with 16 workers.
[PhysX] Initialized MultithreadedTaskDispatcher with 16 workers.
 -> (artifact id: 'aaf910accc72db1552e58e752620fdca') in 0.009247 seconds
Number of updated asset objects reloaded before import = 0
Number of asset objects unloaded after import = 4
========================================================================
Received Import Request.
  Time since last request: 0.000014 seconds.
  path: Assets/Bolt 2D JellyFarm VE2/Fonts/DoHyeon-Regular.ttf
  artifactKey: Guid(2d040b1040b12644dbfd6de09f5b5408) Importer(815301076,1909f56bfc062723c751e8b465ee728b)
Start importing Assets/Bolt 2D JellyFarm VE2/Fonts/DoHyeon-Regular.ttf using Guid(2d040b1040b12644dbfd6de09f5b5408) Importer(815301076,1909f56bfc062723c751e8b465ee728b) [PhysX] Initialized MultithreadedTaskDispatcher with 16 workers.
[PhysX] Initialized MultithreadedTaskDispatcher with 16 workers.
[PhysX] Initialized MultithreadedTaskDispatcher with 16 workers.
 -> (artifact id: '879d58b6c4e3414e6ed9b0a44bc93663') in 0.009456 seconds
Number of updated asset objects reloaded before import = 0
Number of asset objects unloaded after import = 4
========================================================================
Received Import Request.
  Time since last request: 0.000022 seconds.
  path: Assets/MaplestoryFont_TTF (1)/Maplestory Light.ttf
  artifactKey: Guid(045a8a4efdb1d5b488b33de74fc825bc) Importer(815301076,1909f56bfc062723c751e8b465ee728b)
Start importing Assets/MaplestoryFont_TTF (1)/Maplestory Light.ttf using Guid(045a8a4efdb1d5b488b33de74fc825bc) Importer(815301076,1909f56bfc062723c751e8b465ee728b) [PhysX] Initialized MultithreadedTaskDispatcher with 16 workers.
[PhysX] Initialized MultithreadedTaskDispatcher with 16 workers.
[PhysX] Initialized MultithreadedTaskDispatcher with 16 workers.
 -> (artifact id: '4fa500290bdd2f1fb8a241bf33a019d9') in 0.009358 seconds
Number of updated asset objects reloaded before import = 0
Number of asset objects unloaded after import = 4
========================================================================
Received Import Request.
  Time since last request: 0.000012 seconds.
  path: Assets/TextMesh Pro/Examples & Extras/Resources/Fonts & Materials/Bangers SDF Glow.mat
  artifactKey: Guid(d75b8f41e959450c84ac6e967084d3e1) Importer(815301076,1909f56bfc062723c751e8b465ee728b)
Start importing Assets/TextMesh Pro/Examples & Extras/Resources/Fonts & Materials/Bangers SDF Glow.mat using Guid(d75b8f41e959450c84ac6e967084d3e1) Importer(815301076,1909f56bfc062723c751e8b465ee728b) [PhysX] Initialized MultithreadedTaskDispatcher with 16 workers.
[PhysX] Initialized MultithreadedTaskDispatcher with 16 workers.
 -> (artifact id: '7d7a4ac8361ef8ac263e89696e8a7f41') in 0.070372 seconds
Number of updated asset objects reloaded before import = 0
Number of asset objects unloaded after import = 3
========================================================================
Received Import Request.
  Time since last request: 0.000014 seconds.
  path: Assets/TextMesh Pro/Examples & Extras/Materials/Ground - Surface Shader Scene.mat
  artifactKey: Guid(aadd5a709a48466c887296bb5b1b8110) Importer(815301076,1909f56bfc062723c751e8b465ee728b)
Start importing Assets/TextMesh Pro/Examples & Extras/Materials/Ground - Surface Shader Scene.mat using Guid(aadd5a709a48466c887296bb5b1b8110) Importer(815301076,1909f56bfc062723c751e8b465ee728b) [PhysX] Initialized MultithreadedTaskDispatcher with 16 workers.
[PhysX] Initialized MultithreadedTaskDispatcher with 16 workers.
 -> (artifact id: 'c28ae2a0058155fb00b69d53b1c35e1f') in 0.187359 seconds
Number of updated asset objects reloaded before import = 0
Number of asset objects unloaded after import = 2
========================================================================
Received Import Request.
  Time since last request: 0.000017 seconds.
  path: Assets/TextMesh Pro/Examples & Extras/Resources/Fonts & Materials/Anton SDF - Outline.mat
  artifactKey: Guid(a00013af81304728b2be1f4309ee2433) Importer(815301076,1909f56bfc062723c751e8b465ee728b)
Start importing Assets/TextMesh Pro/Examples & Extras/Resources/Fonts & Materials/Anton SDF - Outline.mat using Guid(a00013af81304728b2be1f4309ee2433) Importer(815301076,1909f56bfc062723c751e8b465ee728b) [PhysX] Initialized MultithreadedTaskDispatcher with 16 workers.
[PhysX] Initialized MultithreadedTaskDispatcher with 16 workers.
 -> (artifact id: '85825eacea433c4fb6953ca880ef7452') in 0.006678 seconds
Number of updated asset objects reloaded before import = 0
Number of asset objects unloaded after import = 2
========================================================================
Received Import Request.
  Time since last request: 0.000021 seconds.
  path: Assets/TextMesh Pro/Examples & Extras/Fonts/Bangers.ttf
  artifactKey: Guid(5dd49b3eacc540408c98eee0de38e0f1) Importer(815301076,1909f56bfc062723c751e8b465ee728b)
Start importing Assets/TextMesh Pro/Examples & Extras/Fonts/Bangers.ttf using Guid(5dd49b3eacc540408c98eee0de38e0f1) Importer(815301076,1909f56bfc062723c751e8b465ee728b) [PhysX] Initialized MultithreadedTaskDispatcher with 16 workers.
[PhysX] Initialized MultithreadedTaskDispatcher with 16 workers.
[PhysX] Initialized MultithreadedTaskDispatcher with 16 workers.
 -> (artifact id: 'b9ff9ad841e178c5f7537cbd8c8831ef') in 0.008171 seconds
Number of updated asset objects reloaded before import = 0
Number of asset objects unloaded after import = 4
========================================================================
Received Import Request.
  Time since last request: 0.000013 seconds.
  path: Assets/Bolt 2D LittleWars VE3/Fonts/neodgm.ttf
  artifactKey: Guid(2143a120cbd85fd408fbfb02d8d75b35) Importer(815301076,1909f56bfc062723c751e8b465ee728b)
Start importing Assets/Bolt 2D LittleWars VE3/Fonts/neodgm.ttf using Guid(2143a120cbd85fd408fbfb02d8d75b35) Importer(815301076,1909f56bfc062723c751e8b465ee728b) [PhysX] Initialized MultithreadedTaskDispatcher with 16 workers.
[PhysX] Initialized MultithreadedTaskDispatcher with 16 workers.
[PhysX] Initialized MultithreadedTaskDispatcher with 16 workers.
 -> (artifact id: 'b8ac49339fd95d60a0cc2eac27a7ba4d') in 0.008067 seconds
Number of updated asset objects reloaded before import = 0
Number of asset objects unloaded after import = 4
========================================================================
Received Import Request.
  Time since last request: 0.000013 seconds.
  path: Assets/TextMesh Pro/Examples & Extras/Resources/Fonts & Materials/Bangers SDF Logo.mat
  artifactKey: Guid(f4e195ac1e204eff960149d1cb34e18c) Importer(815301076,1909f56bfc062723c751e8b465ee728b)
Start importing Assets/TextMesh Pro/Examples & Extras/Resources/Fonts & Materials/Bangers SDF Logo.mat using Guid(f4e195ac1e204eff960149d1cb34e18c) Importer(815301076,1909f56bfc062723c751e8b465ee728b) [PhysX] Initialized MultithreadedTaskDispatcher with 16 workers.
[PhysX] Initialized MultithreadedTaskDispatcher with 16 workers.
 -> (artifact id: '121aecfbaf85dc0201dac4d6192c9980') in 0.253879 seconds
Number of updated asset objects reloaded before import = 0
Number of asset objects unloaded after import = 4
========================================================================
Received Import Request.
  Time since last request: 0.000015 seconds.
  path: Assets/TextMesh Pro/Resources/Fonts & Materials/LiberationSans SDF.asset
  artifactKey: Guid(8f586378b4e144a9851e7b34d9b748ee) Importer(815301076,1909f56bfc062723c751e8b465ee728b)
Start importing Assets/TextMesh Pro/Resources/Fonts & Materials/LiberationSans SDF.asset using Guid(8f586378b4e144a9851e7b34d9b748ee) Importer(815301076,1909f56bfc062723c751e8b465ee728b) [PhysX] Initialized MultithreadedTaskDispatcher with 16 workers.
[PhysX] Initialized MultithreadedTaskDispatcher with 16 workers.
[PhysX] Initialized MultithreadedTaskDispatcher with 16 workers.
 -> (artifact id: 'd2123ac4659da689fe841b1a6861b608') in 0.031699 seconds
Number of updated asset objects reloaded before import = 0
Number of asset objects unloaded after import = 9
========================================================================
Received Import Request.
  Time since last request: 0.000020 seconds.
  path: Assets/TextMesh Pro/Examples & Extras/Materials/Ground - Logo Scene.mat
  artifactKey: Guid(c719e38f25a9480abd2480ab621a2949) Importer(815301076,1909f56bfc062723c751e8b465ee728b)
Start importing Assets/TextMesh Pro/Examples & Extras/Materials/Ground - Logo Scene.mat using Guid(c719e38f25a9480abd2480ab621a2949) Importer(815301076,1909f56bfc062723c751e8b465ee728b) [PhysX] Initialized MultithreadedTaskDispatcher with 16 workers.
[PhysX] Initialized MultithreadedTaskDispatcher with 16 workers.
 -> (artifact id: '134aaf44856b2ae448abe929b651294c') in 0.008923 seconds
Number of updated asset objects reloaded before import = 0
Number of asset objects unloaded after import = 2
========================================================================
Received Import Request.
  Time since last request: 0.000014 seconds.
  path: Assets/TextMesh Pro/Examples & Extras/Resources/Fonts & Materials/Oswald Bold SDF.asset
  artifactKey: Guid(0161d805a3764c089bef00bfe00793f5) Importer(815301076,1909f56bfc062723c751e8b465ee728b)
Start importing Assets/TextMesh Pro/Examples & Extras/Resources/Fonts & Materials/Oswald Bold SDF.asset using Guid(0161d805a3764c089bef00bfe00793f5) Importer(815301076,1909f56bfc062723c751e8b465ee728b) [PhysX] Initialized MultithreadedTaskDispatcher with 16 workers.
[PhysX] Initialized MultithreadedTaskDispatcher with 16 workers.
[PhysX] Initialized MultithreadedTaskDispatcher with 16 workers.
 -> (artifact id: 'a7ca0caa6d83568cba530535cb8a974b') in 0.013153 seconds
Number of updated asset objects reloaded before import = 0
Number of asset objects unloaded after import = 6
========================================================================
Received Import Request.
  Time since last request: 0.000013 seconds.
  path: Assets/TextMesh Pro/Resources/Fonts & Materials/LiberationSans SDF - Drop Shadow.mat
  artifactKey: Guid(e73a58f6e2794ae7b1b7e50b7fb811b0) Importer(815301076,1909f56bfc062723c751e8b465ee728b)
Start importing Assets/TextMesh Pro/Resources/Fonts & Materials/LiberationSans SDF - Drop Shadow.mat using Guid(e73a58f6e2794ae7b1b7e50b7fb811b0) Importer(815301076,1909f56bfc062723c751e8b465ee728b) [PhysX] Initialized MultithreadedTaskDispatcher with 16 workers.
[PhysX] Initialized MultithreadedTaskDispatcher with 16 workers.
 -> (artifact id: '3f63f14b6499f92086266df7fee4c541') in 0.020778 seconds
Number of updated asset objects reloaded before import = 0
Number of asset objects unloaded after import = 2
========================================================================
Received Import Request.
  Time since last request: 0.000013 seconds.
  path: Assets/TextMesh Pro/Examples & Extras/Resources/Fonts & Materials/LiberationSans SDF - Metalic Green.mat
  artifactKey: Guid(8b29aaa3eec7468097ff07adfcf29ac9) Importer(815301076,1909f56bfc062723c751e8b465ee728b)
Start importing Assets/TextMesh Pro/Examples & Extras/Resources/Fonts & Materials/LiberationSans SDF - Metalic Green.mat using Guid(8b29aaa3eec7468097ff07adfcf29ac9) Importer(815301076,1909f56bfc062723c751e8b465ee728b) [PhysX] Initialized MultithreadedTaskDispatcher with 16 workers.
[PhysX] Initialized MultithreadedTaskDispatcher with 16 workers.
 -> (artifact id: 'e91f0149dd686de5abe6a98fff2a3d20') in 0.113329 seconds
Number of updated asset objects reloaded before import = 0
Number of asset objects unloaded after import = 4
========================================================================
Received Import Request.
  Time since last request: 0.000015 seconds.
  path: Assets/VIASS Sakura Platformer 2D/Tiles/Materials/Jelly 8.mat
  artifactKey: Guid(b9141731298971b4a87ea6d2844c8262) Importer(815301076,1909f56bfc062723c751e8b465ee728b)
Start importing Assets/VIASS Sakura Platformer 2D/Tiles/Materials/Jelly 8.mat using Guid(b9141731298971b4a87ea6d2844c8262) Importer(815301076,1909f56bfc062723c751e8b465ee728b) [PhysX] Initialized MultithreadedTaskDispatcher with 16 workers.
[PhysX] Initialized MultithreadedTaskDispatcher with 16 workers.
 -> (artifact id: 'a97e8e0d9dc0d702cb125f2a952e62fc') in 0.007322 seconds
Number of updated asset objects reloaded before import = 0
Number of asset objects unloaded after import = 2
========================================================================
Received Import Request.
  Time since last request: 0.000015 seconds.
  path: Assets/TextMesh Pro/Examples & Extras/Fonts/Anton.ttf
  artifactKey: Guid(997a43b767814dd0a7642ec9b78cba41) Importer(815301076,1909f56bfc062723c751e8b465ee728b)
Start importing Assets/TextMesh Pro/Examples & Extras/Fonts/Anton.ttf using Guid(997a43b767814dd0a7642ec9b78cba41) Importer(815301076,1909f56bfc062723c751e8b465ee728b) [PhysX] Initialized MultithreadedTaskDispatcher with 16 workers.
[PhysX] Initialized MultithreadedTaskDispatcher with 16 workers.
[PhysX] Initialized MultithreadedTaskDispatcher with 16 workers.
 -> (artifact id: '1ae0ad15b89aca086d0ee49f059d40ae') in 0.008911 seconds
Number of updated asset objects reloaded before import = 0
Number of asset objects unloaded after import = 4
========================================================================
Received Import Request.
  Time since last request: 0.000015 seconds.
  path: Assets/MaplestoryFont_TTF (1)/Maplestory Bold SDF.asset
  artifactKey: Guid(10463bc39164da74a9e7a6c17a005802) Importer(815301076,1909f56bfc062723c751e8b465ee728b)
Start importing Assets/MaplestoryFont_TTF (1)/Maplestory Bold SDF.asset using Guid(10463bc39164da74a9e7a6c17a005802) Importer(815301076,1909f56bfc062723c751e8b465ee728b) [PhysX] Initialized MultithreadedTaskDispatcher with 16 workers.
[PhysX] Initialized MultithreadedTaskDispatcher with 16 workers.
[PhysX] Initialized MultithreadedTaskDispatcher with 16 workers.
 -> (artifact id: '65cbef078c66f11f5ad63edbb3eb1581') in 0.240077 seconds
Number of updated asset objects reloaded before import = 0
Number of asset objects unloaded after import = 6
========================================================================
Received Import Request.
  Time since last request: 0.000017 seconds.
  path: Assets/TextMesh Pro/Examples & Extras/Resources/Fonts & Materials/LiberationSans SDF - Soft Mask.mat
  artifactKey: Guid(42df1c7856584b6b8db9a509b6b10074) Importer(815301076,1909f56bfc062723c751e8b465ee728b)
Start importing Assets/TextMesh Pro/Examples & Extras/Resources/Fonts & Materials/LiberationSans SDF - Soft Mask.mat using Guid(42df1c7856584b6b8db9a509b6b10074) Importer(815301076,1909f56bfc062723c751e8b465ee728b) [PhysX] Initialized MultithreadedTaskDispatcher with 16 workers.
[PhysX] Initialized MultithreadedTaskDispatcher with 16 workers.
 -> (artifact id: 'b96e33c4eedf0fddb8122984a5cde080') in 0.023353 seconds
Number of updated asset objects reloaded before import = 0
Number of asset objects unloaded after import = 3
========================================================================
Received Import Request.
  Time since last request: 0.000056 seconds.
  path: Assets/TextMesh Pro/Examples & Extras/Resources/Fonts & Materials/Roboto-Bold SDF.asset
  artifactKey: Guid(5302535af1044152a457ed104f1f4b91) Importer(815301076,1909f56bfc062723c751e8b465ee728b)
Start importing Assets/TextMesh Pro/Examples & Extras/Resources/Fonts & Materials/Roboto-Bold SDF.asset using Guid(5302535af1044152a457ed104f1f4b91) Importer(815301076,1909f56bfc062723c751e8b465ee728b) [PhysX] Initialized MultithreadedTaskDispatcher with 16 workers.
[PhysX] Initialized MultithreadedTaskDispatcher with 16 workers.
[PhysX] Initialized MultithreadedTaskDispatcher with 16 workers.
 -> (artifact id: '1ec2656791d87368c4ee90694e3a6012') in 0.014645 seconds
Number of updated asset objects reloaded before import = 0
Number of asset objects unloaded after import = 6
========================================================================
Received Import Request.
  Time since last request: 0.000014 seconds.
  path: Assets/TextMesh Pro/Examples & Extras/Resources/Fonts & Materials/Roboto-Bold SDF - Surface.mat
  artifactKey: Guid(e6b276ec991f467aa14ef1f3cc665993) Importer(815301076,1909f56bfc062723c751e8b465ee728b)
Start importing Assets/TextMesh Pro/Examples & Extras/Resources/Fonts & Materials/Roboto-Bold SDF - Surface.mat using Guid(e6b276ec991f467aa14ef1f3cc665993) Importer(815301076,1909f56bfc062723c751e8b465ee728b) [PhysX] Initialized MultithreadedTaskDispatcher with 16 workers.
[PhysX] Initialized MultithreadedTaskDispatcher with 16 workers.
 -> (artifact id: 'd2dddf327844d5504cb0af0dbca2a390') in 0.096523 seconds
Number of updated asset objects reloaded before import = 0
Number of asset objects unloaded after import = 2
========================================================================
Received Import Request.
  Time since last request: 0.000028 seconds.
  path: Assets/TextMesh Pro/Examples & Extras/Materials/Small Crate_diffuse.mat
  artifactKey: Guid(22262639920f43d6be32430e4e58350d) Importer(815301076,1909f56bfc062723c751e8b465ee728b)
Start importing Assets/TextMesh Pro/Examples & Extras/Materials/Small Crate_diffuse.mat using Guid(22262639920f43d6be32430e4e58350d) Importer(815301076,1909f56bfc062723c751e8b465ee728b) [PhysX] Initialized MultithreadedTaskDispatcher with 16 workers.
[PhysX] Initialized MultithreadedTaskDispatcher with 16 workers.
 -> (artifact id: '3b4becd7fcf8a7044bfb96ba251e4581') in 0.142339 seconds
Number of updated asset objects reloaded before import = 0
Number of asset objects unloaded after import = 3
========================================================================
Received Prepare
Caller must complete domain reload
Begin MonoManager ReloadAssembly
- Loaded All Assemblies, in  0.521 seconds
Native extension for WindowsStandalone target not found
Native extension for Android target not found
Mono: successfully reloaded assembly
- Finished resetting the current domain, in  1.134 seconds
Domain Reload Profiling: 1650ms
	BeginReloadAssembly (162ms)
		ExecutionOrderSort (0ms)
		DisableScriptedObjects (10ms)
		BackupInstance (0ms)
		ReleaseScriptingObjects (0ms)
		CreateAndSetChildDomain (32ms)
	RebuildCommonClasses (32ms)
	RebuildNativeTypeToScriptingClass (10ms)
	initialDomainReloadingComplete (33ms)
	LoadAllAssembliesAndSetupDomain (278ms)
		LoadAssemblies (339ms)
		RebuildTransferFunctionScriptingTraits (0ms)
		AnalyzeDomain (26ms)
			TypeCache.Refresh (9ms)
				TypeCache.ScanAssembly (1ms)
			ScanForSourceGeneratedMonoScriptInfo (9ms)
			ResolveRequiredComponents (6ms)
	FinalizeReload (1135ms)
		ReleaseScriptCaches (0ms)
		RebuildScriptCaches (0ms)
		SetupLoadedEditorAssemblies (378ms)
			LogAssemblyErrors (0ms)
			InitializePlatformSupportModulesInManaged (19ms)
			SetLoadedEditorAssemblies (3ms)
			RefreshPlugins (0ms)
			BeforeProcessingInitializeOnLoad (71ms)
			ProcessInitializeOnLoadAttributes (245ms)
			ProcessInitializeOnLoadMethodAttributes (28ms)
			AfterProcessingInitializeOnLoad (11ms)
			EditorAssembliesLoaded (0ms)
		ExecutionOrderSort2 (0ms)
		AwakeInstancesAfterBackupRestoration (13ms)
Refreshing native plugins compatible for Editor in 7.74 ms, found 4 plugins.
Preloading 0 native plugins for Editor in 0.00 ms.
Unloading 4047 Unused Serialized files (Serialized files now loaded: 0)
Unloading 19 unused Assets / (31.1 KB). Loaded Objects now: 4628.
Memory consumption went from 144.9 MB to 144.9 MB.
Total: 3.293700 ms (FindLiveObjects: 0.273700 ms CreateObjectMapping: 0.206000 ms MarkObjects: 2.775900 ms  DeleteObjects: 0.037200 ms)

Prepare: number of updated asset objects reloaded= 0
AssetImportParameters requested are different than current active one (requested -> active):
  custom:container-demuxer-ogg: 62fdf1f143b41e24485cea50d1cbac27 -> 
  custom:scripting/monoscript/fileName/GameManager.cs: 9933fbcc6190e2a9171c2ec8808a053e -> 
  custom:video-codec-MediaFoundation-h265: 746d11721c4dcdbdad8f713fa42b33f4 -> 
  custom:video-decoder-ogg-theora: a1e56fd34408186e4bbccfd4996cb3dc -> 
  custom:framework-win-MediaFoundation: 216162199b28c13a410421893ffa2e32 -> 
  custom:CustomObjectIndexerAttribute: 9a22284fe3817be447336de3de66b15e -> 
  custom:container-demuxer-webm: 4f35f7cbe854078d1ac9338744f61a02 -> 
  custom:container-muxer-webm: aa71ff27fc2769a1b78a27578f13a17b -> 
  custom:video-decoder-webm-vp8: 9c59270c3fd7afecdb556c50c9e8de78 -> 
  custom:SearchIndexIgnoredProperties: e643bd26f0fe6173181afceb89e7c659 -> 
  custom:AudioImporter_EditorPlatform: d09bf68614088b80899f8185d706f6e7 -> 
  custom:video-encoder-webm-vp8: eb34c28f22e8b96e1ab97ce403110664 -> 
  custom:audio-decoder-ogg-vorbis: bf7c407c2cedff20999df2af8eb42d56 -> 
  custom:audio-encoder-webm-vorbis: bf7c407c2cedff20999df2af8eb42d56 -> 
  custom:scripting/precompiled-assembly-types:Assembly-CSharp: 1cdc834ea2c238e700f0f62710b9f310 -> 4c5b523d8f1eb9c015508154981ab5e0
========================================================================
Received Import Request.
  Time since last request: 802.109500 seconds.
  path: Assets/Script/StartDateManager.cs
  artifactKey: Guid(89baba2ea9c00b048bd9b52d2a6012f9) Importer(815301076,1909f56bfc062723c751e8b465ee728b)
Start importing Assets/Script/StartDateManager.cs using Guid(89baba2ea9c00b048bd9b52d2a6012f9) Importer(815301076,1909f56bfc062723c751e8b465ee728b) [PhysX] Initialized MultithreadedTaskDispatcher with 16 workers.
 -> (artifact id: '3bf07c6e19fe2366371c2891abc368b4') in 0.002647 seconds
Number of updated asset objects reloaded before import = 0
Number of asset objects unloaded after import = 0
========================================================================
Received Prepare
Caller must complete domain reload
Begin MonoManager ReloadAssembly
- Loaded All Assemblies, in  0.524 seconds
Native extension for WindowsStandalone target not found
Native extension for Android target not found
Mono: successfully reloaded assembly
- Finished resetting the current domain, in  1.195 seconds
Domain Reload Profiling: 1714ms
	BeginReloadAssembly (164ms)
		ExecutionOrderSort (0ms)
		DisableScriptedObjects (11ms)
		BackupInstance (0ms)
		ReleaseScriptingObjects (0ms)
		CreateAndSetChildDomain (30ms)
	RebuildCommonClasses (31ms)
	RebuildNativeTypeToScriptingClass (10ms)
	initialDomainReloadingComplete (36ms)
	LoadAllAssembliesAndSetupDomain (276ms)
		LoadAssemblies (339ms)
		RebuildTransferFunctionScriptingTraits (0ms)
		AnalyzeDomain (29ms)
			TypeCache.Refresh (10ms)
				TypeCache.ScanAssembly (1ms)
			ScanForSourceGeneratedMonoScriptInfo (11ms)
			ResolveRequiredComponents (7ms)
	FinalizeReload (1196ms)
		ReleaseScriptCaches (0ms)
		RebuildScriptCaches (0ms)
		SetupLoadedEditorAssemblies (414ms)
			LogAssemblyErrors (0ms)
			InitializePlatformSupportModulesInManaged (20ms)
			SetLoadedEditorAssemblies (3ms)
			RefreshPlugins (0ms)
			BeforeProcessingInitializeOnLoad (76ms)
			ProcessInitializeOnLoadAttributes (272ms)
			ProcessInitializeOnLoadMethodAttributes (31ms)
			AfterProcessingInitializeOnLoad (11ms)
			EditorAssembliesLoaded (0ms)
		ExecutionOrderSort2 (0ms)
		AwakeInstancesAfterBackupRestoration (14ms)
Refreshing native plugins compatible for Editor in 8.07 ms, found 4 plugins.
Preloading 0 native plugins for Editor in 0.00 ms.
Unloading 4048 Unused Serialized files (Serialized files now loaded: 0)
Unloading 19 unused Assets / (31.1 KB). Loaded Objects now: 4633.
Memory consumption went from 144.9 MB to 144.9 MB.
Total: 3.289300 ms (FindLiveObjects: 0.274800 ms CreateObjectMapping: 0.252600 ms MarkObjects: 2.720700 ms  DeleteObjects: 0.040400 ms)

Prepare: number of updated asset objects reloaded= 0
AssetImportParameters requested are different than current active one (requested -> active):
  custom:container-demuxer-ogg: 62fdf1f143b41e24485cea50d1cbac27 -> 
  custom:scripting/monoscript/fileName/GameManager.cs: 9933fbcc6190e2a9171c2ec8808a053e -> 
  custom:video-codec-MediaFoundation-h265: 746d11721c4dcdbdad8f713fa42b33f4 -> 
  custom:scripting/monoscript/fileName/StartDateManager.cs: 8587d27bfb303a81c0ab7075fdcba1b3 -> 
  custom:video-decoder-ogg-theora: a1e56fd34408186e4bbccfd4996cb3dc -> 
  custom:framework-win-MediaFoundation: 216162199b28c13a410421893ffa2e32 -> 
  custom:CustomObjectIndexerAttribute: 9a22284fe3817be447336de3de66b15e -> 
  custom:container-demuxer-webm: 4f35f7cbe854078d1ac9338744f61a02 -> 
  custom:container-muxer-webm: aa71ff27fc2769a1b78a27578f13a17b -> 
  custom:video-decoder-webm-vp8: 9c59270c3fd7afecdb556c50c9e8de78 -> 
  custom:SearchIndexIgnoredProperties: e643bd26f0fe6173181afceb89e7c659 -> 
  custom:AudioImporter_EditorPlatform: d09bf68614088b80899f8185d706f6e7 -> 
  custom:video-encoder-webm-vp8: eb34c28f22e8b96e1ab97ce403110664 -> 
  custom:audio-decoder-ogg-vorbis: bf7c407c2cedff20999df2af8eb42d56 -> 
  custom:audio-encoder-webm-vorbis: bf7c407c2cedff20999df2af8eb42d56 -> 
  custom:scripting/precompiled-assembly-types:Assembly-CSharp: 065000933c816e5765901fb9bdf90145 -> 4c5b523d8f1eb9c015508154981ab5e0
========================================================================
Received Import Request.
  Time since last request: 6.962510 seconds.
  path: Assets/Script/StartDateManager.cs
  artifactKey: Guid(89baba2ea9c00b048bd9b52d2a6012f9) Importer(815301076,1909f56bfc062723c751e8b465ee728b)
Start importing Assets/Script/StartDateManager.cs using Guid(89baba2ea9c00b048bd9b52d2a6012f9) Importer(815301076,1909f56bfc062723c751e8b465ee728b) [PhysX] Initialized MultithreadedTaskDispatcher with 16 workers.
 -> (artifact id: '0dc39f32f9cc28722f1d90fc7629eebb') in 0.002129 seconds
Number of updated asset objects reloaded before import = 0
Number of asset objects unloaded after import = 0
========================================================================
Received Import Request.
  Time since last request: 1332.380590 seconds.
  path: Assets/Script/StartDateManager.cs
  artifactKey: Guid(89baba2ea9c00b048bd9b52d2a6012f9) Importer(815301076,1909f56bfc062723c751e8b465ee728b)
Start importing Assets/Script/StartDateManager.cs using Guid(89baba2ea9c00b048bd9b52d2a6012f9) Importer(815301076,1909f56bfc062723c751e8b465ee728b) [PhysX] Initialized MultithreadedTaskDispatcher with 16 workers.
 -> (artifact id: 'c33ffb00fc8432a608985aa297373a28') in 0.000696 seconds
Number of updated asset objects reloaded before import = 0
Number of asset objects unloaded after import = 0
========================================================================
Received Prepare
Caller must complete domain reload
Begin MonoManager ReloadAssembly
- Loaded All Assemblies, in  0.501 seconds
Native extension for WindowsStandalone target not found
Native extension for Android target not found
Mono: successfully reloaded assembly
- Finished resetting the current domain, in  1.200 seconds
Domain Reload Profiling: 1697ms
	BeginReloadAssembly (157ms)
		ExecutionOrderSort (0ms)
		DisableScriptedObjects (10ms)
		BackupInstance (0ms)
		ReleaseScriptingObjects (0ms)
		CreateAndSetChildDomain (29ms)
	RebuildCommonClasses (31ms)
	RebuildNativeTypeToScriptingClass (10ms)
	initialDomainReloadingComplete (33ms)
	LoadAllAssembliesAndSetupDomain (264ms)
		LoadAssemblies (327ms)
		RebuildTransferFunctionScriptingTraits (0ms)
		AnalyzeDomain (25ms)
			TypeCache.Refresh (9ms)
				TypeCache.ScanAssembly (1ms)
			ScanForSourceGeneratedMonoScriptInfo (9ms)
			ResolveRequiredComponents (6ms)
	FinalizeReload (1201ms)
		ReleaseScriptCaches (0ms)
		RebuildScriptCaches (0ms)
		SetupLoadedEditorAssemblies (392ms)
			LogAssemblyErrors (0ms)
			InitializePlatformSupportModulesInManaged (19ms)
			SetLoadedEditorAssemblies (3ms)
			RefreshPlugins (0ms)
			BeforeProcessingInitializeOnLoad (74ms)
			ProcessInitializeOnLoadAttributes (255ms)
			ProcessInitializeOnLoadMethodAttributes (29ms)
			AfterProcessingInitializeOnLoad (11ms)
			EditorAssembliesLoaded (0ms)
		ExecutionOrderSort2 (0ms)
		AwakeInstancesAfterBackupRestoration (14ms)
Refreshing native plugins compatible for Editor in 8.85 ms, found 4 plugins.
Preloading 0 native plugins for Editor in 0.00 ms.
Unloading 4048 Unused Serialized files (Serialized files now loaded: 0)
Unloading 19 unused Assets / (31.1 KB). Loaded Objects now: 4637.
Memory consumption went from 144.9 MB to 144.9 MB.
Total: 3.202700 ms (FindLiveObjects: 0.289100 ms CreateObjectMapping: 0.247600 ms MarkObjects: 2.622500 ms  DeleteObjects: 0.042600 ms)

Prepare: number of updated asset objects reloaded= 0
AssetImportParameters requested are different than current active one (requested -> active):
  custom:container-demuxer-ogg: 62fdf1f143b41e24485cea50d1cbac27 -> 
  custom:scripting/monoscript/fileName/GameManager.cs: 9933fbcc6190e2a9171c2ec8808a053e -> 
  custom:video-codec-MediaFoundation-h265: 746d11721c4dcdbdad8f713fa42b33f4 -> 
  custom:scripting/monoscript/fileName/StartDateManager.cs: 6b4b0b54107f235cc8d098251a9f60a7 -> 
  custom:video-decoder-ogg-theora: a1e56fd34408186e4bbccfd4996cb3dc -> 
  custom:framework-win-MediaFoundation: 216162199b28c13a410421893ffa2e32 -> 
  custom:CustomObjectIndexerAttribute: 9a22284fe3817be447336de3de66b15e -> 
  custom:container-demuxer-webm: 4f35f7cbe854078d1ac9338744f61a02 -> 
  custom:container-muxer-webm: aa71ff27fc2769a1b78a27578f13a17b -> 
  custom:video-decoder-webm-vp8: 9c59270c3fd7afecdb556c50c9e8de78 -> 
  custom:SearchIndexIgnoredProperties: e643bd26f0fe6173181afceb89e7c659 -> 
  custom:AudioImporter_EditorPlatform: d09bf68614088b80899f8185d706f6e7 -> 
  custom:video-encoder-webm-vp8: eb34c28f22e8b96e1ab97ce403110664 -> 
  custom:audio-decoder-ogg-vorbis: bf7c407c2cedff20999df2af8eb42d56 -> 
  custom:audio-encoder-webm-vorbis: bf7c407c2cedff20999df2af8eb42d56 -> 
  custom:scripting/precompiled-assembly-types:Assembly-CSharp: eebac726a8d83f49f9ea076531554229 -> 4c5b523d8f1eb9c015508154981ab5e0
========================================================================
Received Import Request.
  Time since last request: 7.459317 seconds.
  path: Assets/Script/StartDateManager.cs
  artifactKey: Guid(89baba2ea9c00b048bd9b52d2a6012f9) Importer(815301076,1909f56bfc062723c751e8b465ee728b)
Start importing Assets/Script/StartDateManager.cs using Guid(89baba2ea9c00b048bd9b52d2a6012f9) Importer(815301076,1909f56bfc062723c751e8b465ee728b) [PhysX] Initialized MultithreadedTaskDispatcher with 16 workers.
 -> (artifact id: '436ced56110535f4d23db22249bdd074') in 0.002153 seconds
Number of updated asset objects reloaded before import = 0
Number of asset objects unloaded after import = 0
========================================================================
Received Import Request.
  Time since last request: 62.978789 seconds.
  path: Assets/Script/CharacteOccupation1.cs
  artifactKey: Guid(4bdb632276f67d6478d6da7fa3eedb71) Importer(815301076,1909f56bfc062723c751e8b465ee728b)
Start importing Assets/Script/CharacteOccupation1.cs using Guid(4bdb632276f67d6478d6da7fa3eedb71) Importer(815301076,1909f56bfc062723c751e8b465ee728b) [PhysX] Initialized MultithreadedTaskDispatcher with 16 workers.
 -> (artifact id: 'f9763c82cec1e7627e30d3efef1e3a79') in 0.000539 seconds
Number of updated asset objects reloaded before import = 0
Number of asset objects unloaded after import = 0
========================================================================
Received Prepare
Caller must complete domain reload
Begin MonoManager ReloadAssembly
- Loaded All Assemblies, in  0.506 seconds
Native extension for WindowsStandalone target not found
Native extension for Android target not found
Mono: successfully reloaded assembly
- Finished resetting the current domain, in  1.099 seconds
Domain Reload Profiling: 1599ms
	BeginReloadAssembly (158ms)
		ExecutionOrderSort (0ms)
		DisableScriptedObjects (10ms)
		BackupInstance (0ms)
		ReleaseScriptingObjects (0ms)
		CreateAndSetChildDomain (28ms)
	RebuildCommonClasses (33ms)
	RebuildNativeTypeToScriptingClass (10ms)
	initialDomainReloadingComplete (35ms)
	LoadAllAssembliesAndSetupDomain (264ms)
		LoadAssemblies (328ms)
		RebuildTransferFunctionScriptingTraits (0ms)
		AnalyzeDomain (24ms)
			TypeCache.Refresh (9ms)
				TypeCache.ScanAssembly (1ms)
			ScanForSourceGeneratedMonoScriptInfo (9ms)
			ResolveRequiredComponents (6ms)
	FinalizeReload (1100ms)
		ReleaseScriptCaches (0ms)
		RebuildScriptCaches (0ms)
		SetupLoadedEditorAssemblies (370ms)
			LogAssemblyErrors (0ms)
			InitializePlatformSupportModulesInManaged (18ms)
			SetLoadedEditorAssemblies (3ms)
			RefreshPlugins (0ms)
			BeforeProcessingInitializeOnLoad (69ms)
			ProcessInitializeOnLoadAttributes (242ms)
			ProcessInitializeOnLoadMethodAttributes (27ms)
			AfterProcessingInitializeOnLoad (11ms)
			EditorAssembliesLoaded (0ms)
		ExecutionOrderSort2 (0ms)
		AwakeInstancesAfterBackupRestoration (13ms)
Refreshing native plugins compatible for Editor in 8.26 ms, found 4 plugins.
Preloading 0 native plugins for Editor in 0.00 ms.
Unloading 4048 Unused Serialized files (Serialized files now loaded: 0)
Unloading 19 unused Assets / (31.1 KB). Loaded Objects now: 4641.
Memory consumption went from 144.9 MB to 144.9 MB.
Total: 3.131000 ms (FindLiveObjects: 0.323500 ms CreateObjectMapping: 0.233600 ms MarkObjects: 2.534700 ms  DeleteObjects: 0.038500 ms)

Prepare: number of updated asset objects reloaded= 0
AssetImportParameters requested are different than current active one (requested -> active):
  custom:container-demuxer-ogg: 62fdf1f143b41e24485cea50d1cbac27 -> 
  custom:scripting/monoscript/fileName/GameManager.cs: 9933fbcc6190e2a9171c2ec8808a053e -> 
  custom:video-codec-MediaFoundation-h265: 746d11721c4dcdbdad8f713fa42b33f4 -> 
  custom:scripting/monoscript/fileName/StartDateManager.cs: 6b4b0b54107f235cc8d098251a9f60a7 -> 
  custom:video-decoder-ogg-theora: a1e56fd34408186e4bbccfd4996cb3dc -> 
  custom:framework-win-MediaFoundation: 216162199b28c13a410421893ffa2e32 -> 
  custom:CustomObjectIndexerAttribute: 9a22284fe3817be447336de3de66b15e -> 
  custom:container-demuxer-webm: 4f35f7cbe854078d1ac9338744f61a02 -> 
  custom:container-muxer-webm: aa71ff27fc2769a1b78a27578f13a17b -> 
  custom:video-decoder-webm-vp8: 9c59270c3fd7afecdb556c50c9e8de78 -> 
  custom:SearchIndexIgnoredProperties: e643bd26f0fe6173181afceb89e7c659 -> 
  custom:AudioImporter_EditorPlatform: d09bf68614088b80899f8185d706f6e7 -> 
  custom:video-encoder-webm-vp8: eb34c28f22e8b96e1ab97ce403110664 -> 
  custom:audio-decoder-ogg-vorbis: bf7c407c2cedff20999df2af8eb42d56 -> 
  custom:audio-encoder-webm-vorbis: bf7c407c2cedff20999df2af8eb42d56 -> 
  custom:scripting/precompiled-assembly-types:Assembly-CSharp: eebac726a8d83f49f9ea076531554229 -> 4c5b523d8f1eb9c015508154981ab5e0
========================================================================
Received Prepare
Caller must complete domain reload
Begin MonoManager ReloadAssembly
- Loaded All Assemblies, in  0.502 seconds
Native extension for WindowsStandalone target not found
Native extension for Android target not found
Mono: successfully reloaded assembly
- Finished resetting the current domain, in  1.236 seconds
Domain Reload Profiling: 1729ms
	BeginReloadAssembly (155ms)
		ExecutionOrderSort (0ms)
		DisableScriptedObjects (10ms)
		BackupInstance (0ms)
		ReleaseScriptingObjects (0ms)
		CreateAndSetChildDomain (27ms)
	RebuildCommonClasses (36ms)
	RebuildNativeTypeToScriptingClass (11ms)
	initialDomainReloadingComplete (43ms)
	LoadAllAssembliesAndSetupDomain (247ms)
		LoadAssemblies (322ms)
		RebuildTransferFunctionScriptingTraits (0ms)
		AnalyzeDomain (13ms)
			TypeCache.Refresh (5ms)
				TypeCache.ScanAssembly (0ms)
			ScanForSourceGeneratedMonoScriptInfo (0ms)
			ResolveRequiredComponents (6ms)
	FinalizeReload (1236ms)
		ReleaseScriptCaches (0ms)
		RebuildScriptCaches (0ms)
		SetupLoadedEditorAssemblies (415ms)
			LogAssemblyErrors (0ms)
			InitializePlatformSupportModulesInManaged (20ms)
			SetLoadedEditorAssemblies (3ms)
			RefreshPlugins (0ms)
			BeforeProcessingInitializeOnLoad (80ms)
			ProcessInitializeOnLoadAttributes (270ms)
			ProcessInitializeOnLoadMethodAttributes (30ms)
			AfterProcessingInitializeOnLoad (12ms)
			EditorAssembliesLoaded (0ms)
		ExecutionOrderSort2 (0ms)
		AwakeInstancesAfterBackupRestoration (14ms)
Refreshing native plugins compatible for Editor in 8.02 ms, found 4 plugins.
Preloading 0 native plugins for Editor in 0.00 ms.
Unloading 4049 Unused Serialized files (Serialized files now loaded: 0)
Unloading 19 unused Assets / (31.1 KB). Loaded Objects now: 4645.
Memory consumption went from 145.2 MB to 145.2 MB.
Total: 2.910900 ms (FindLiveObjects: 0.294500 ms CreateObjectMapping: 0.264500 ms MarkObjects: 2.307600 ms  DeleteObjects: 0.043400 ms)

Prepare: number of updated asset objects reloaded= 0
AssetImportParameters requested are different than current active one (requested -> active):
  custom:container-demuxer-ogg: 62fdf1f143b41e24485cea50d1cbac27 -> 
  custom:scripting/monoscript/fileName/GameManager.cs: 9933fbcc6190e2a9171c2ec8808a053e -> 
  custom:video-codec-MediaFoundation-h265: 746d11721c4dcdbdad8f713fa42b33f4 -> 
  custom:scripting/monoscript/fileName/StartDateManager.cs: 6b4b0b54107f235cc8d098251a9f60a7 -> 
  custom:video-decoder-ogg-theora: a1e56fd34408186e4bbccfd4996cb3dc -> 
  custom:framework-win-MediaFoundation: 216162199b28c13a410421893ffa2e32 -> 
  custom:CustomObjectIndexerAttribute: 9a22284fe3817be447336de3de66b15e -> 
  custom:container-demuxer-webm: 4f35f7cbe854078d1ac9338744f61a02 -> 
  custom:container-muxer-webm: aa71ff27fc2769a1b78a27578f13a17b -> 
  custom:video-decoder-webm-vp8: 9c59270c3fd7afecdb556c50c9e8de78 -> 
  custom:SearchIndexIgnoredProperties: e643bd26f0fe6173181afceb89e7c659 -> 
  custom:AudioImporter_EditorPlatform: d09bf68614088b80899f8185d706f6e7 -> 
  custom:video-encoder-webm-vp8: eb34c28f22e8b96e1ab97ce403110664 -> 
  custom:audio-decoder-ogg-vorbis: bf7c407c2cedff20999df2af8eb42d56 -> 
  custom:audio-encoder-webm-vorbis: bf7c407c2cedff20999df2af8eb42d56 -> 
  custom:scripting/precompiled-assembly-types:Assembly-CSharp: eebac726a8d83f49f9ea076531554229 -> 4c5b523d8f1eb9c015508154981ab5e0
========================================================================
Received Import Request.
  Time since last request: 998.887336 seconds.
  path: Assets/Script/CharacteOccupation2.cs
  artifactKey: Guid(a539109b4ffcf814f8c6839d7226e7d5) Importer(815301076,1909f56bfc062723c751e8b465ee728b)
Start importing Assets/Script/CharacteOccupation2.cs using Guid(a539109b4ffcf814f8c6839d7226e7d5) Importer(815301076,1909f56bfc062723c751e8b465ee728b) [PhysX] Initialized MultithreadedTaskDispatcher with 16 workers.
 -> (artifact id: '06183e9c80c15f161092b28dec86c630') in 0.003580 seconds
Number of updated asset objects reloaded before import = 0
Number of asset objects unloaded after import = 0
========================================================================
Received Import Request.
  Time since last request: 90.978513 seconds.
  path: Assets/Script/CharacteOccupation2.cs
  artifactKey: Guid(a539109b4ffcf814f8c6839d7226e7d5) Importer(815301076,1909f56bfc062723c751e8b465ee728b)
Start importing Assets/Script/CharacteOccupation2.cs using Guid(a539109b4ffcf814f8c6839d7226e7d5) Importer(815301076,1909f56bfc062723c751e8b465ee728b) [PhysX] Initialized MultithreadedTaskDispatcher with 16 workers.
 -> (artifact id: '3f03b010d4744d2314fe5d041cb4e7cf') in 0.000533 seconds
Number of updated asset objects reloaded before import = 0
Number of asset objects unloaded after import = 0
========================================================================
Received Import Request.
  Time since last request: 91.284368 seconds.
  path: Assets/Script/법사직업.prefab
  artifactKey: Guid(dff725056f1164c49882075882b1f340) Importer(815301076,1909f56bfc062723c751e8b465ee728b)
Start importing Assets/Script/법사직업.prefab using Guid(dff725056f1164c49882075882b1f340) Importer(815301076,1909f56bfc062723c751e8b465ee728b) [PhysX] Initialized MultithreadedTaskDispatcher with 16 workers.
[PhysX] Initialized MultithreadedTaskDispatcher with 16 workers.
 -> (artifact id: '3031656548e4fbeb9eaf6c2efbc594b0') in 0.058043 seconds
Number of updated asset objects reloaded before import = 0
Number of asset objects unloaded after import = 38
========================================================================
Received Import Request.
  Time since last request: 0.000016 seconds.
  path: Assets/Script/직업궁수.prefab
  artifactKey: Guid(796c338d7df221d439e63ea2c9d44118) Importer(815301076,1909f56bfc062723c751e8b465ee728b)
Start importing Assets/Script/직업궁수.prefab using Guid(796c338d7df221d439e63ea2c9d44118) Importer(815301076,1909f56bfc062723c751e8b465ee728b) [PhysX] Initialized MultithreadedTaskDispatcher with 16 workers.
[PhysX] Initialized MultithreadedTaskDispatcher with 16 workers.
 -> (artifact id: '0170e755901ecca4b919f2e25a59fd23') in 0.009276 seconds
Number of updated asset objects reloaded before import = 0
Number of asset objects unloaded after import = 39
========================================================================
Received Import Request.
  Time since last request: 0.000020 seconds.
  path: Assets/Script/탱커직.prefab
  artifactKey: Guid(40251fba896531640961427941c4912a) Importer(815301076,1909f56bfc062723c751e8b465ee728b)
Start importing Assets/Script/탱커직.prefab using Guid(40251fba896531640961427941c4912a) Importer(815301076,1909f56bfc062723c751e8b465ee728b) [PhysX] Initialized MultithreadedTaskDispatcher with 16 workers.
[PhysX] Initialized MultithreadedTaskDispatcher with 16 workers.
 -> (artifact id: '63106ca72210f405ecd9693aa7ed5a8a') in 0.011961 seconds
Number of updated asset objects reloaded before import = 0
Number of asset objects unloaded after import = 32
========================================================================
Received Import Request.
  Time since last request: 40.513384 seconds.
  path: Assets/Script/PlayerController2.cs
  artifactKey: Guid(48ed8db68ff64f5478997ebd566a868a) Importer(815301076,1909f56bfc062723c751e8b465ee728b)
Start importing Assets/Script/PlayerController2.cs using Guid(48ed8db68ff64f5478997ebd566a868a) Importer(815301076,1909f56bfc062723c751e8b465ee728b) [PhysX] Initialized MultithreadedTaskDispatcher with 16 workers.
 -> (artifact id: '6884a93f3b1760fb68b17650682067b5') in 0.000726 seconds
Number of updated asset objects reloaded before import = 0
Number of asset objects unloaded after import = 0
========================================================================
Received Import Request.
  Time since last request: 52.950896 seconds.
  path: Assets/Script/PlayerController2.cs
  artifactKey: Guid(48ed8db68ff64f5478997ebd566a868a) Importer(815301076,1909f56bfc062723c751e8b465ee728b)
Start importing Assets/Script/PlayerController2.cs using Guid(48ed8db68ff64f5478997ebd566a868a) Importer(815301076,1909f56bfc062723c751e8b465ee728b) [PhysX] Initialized MultithreadedTaskDispatcher with 16 workers.
 -> (artifact id: '0dc393fb441746401c48e3f302360e73') in 0.000510 seconds
Number of updated asset objects reloaded before import = 0
Number of asset objects unloaded after import = 0
========================================================================
Received Import Request.
  Time since last request: 841.477576 seconds.
  path: Assets/Script/CharacteOccupation3.cs
  artifactKey: Guid(e63cc1bc59a121841a5235f449758ae8) Importer(815301076,1909f56bfc062723c751e8b465ee728b)
Start importing Assets/Script/CharacteOccupation3.cs using Guid(e63cc1bc59a121841a5235f449758ae8) Importer(815301076,1909f56bfc062723c751e8b465ee728b) [PhysX] Initialized MultithreadedTaskDispatcher with 16 workers.
 -> (artifact id: '00e8c51887bdae9f5c66459e71b0be4b') in 0.000712 seconds
Number of updated asset objects reloaded before import = 0
Number of asset objects unloaded after import = 0
========================================================================
Received Prepare
Caller must complete domain reload
Begin MonoManager ReloadAssembly
- Loaded All Assemblies, in  0.554 seconds
Native extension for WindowsStandalone target not found
Native extension for Android target not found
Mono: successfully reloaded assembly
- Finished resetting the current domain, in  1.128 seconds
Domain Reload Profiling: 1676ms
	BeginReloadAssembly (196ms)
		ExecutionOrderSort (0ms)
		DisableScriptedObjects (10ms)
		BackupInstance (0ms)
		ReleaseScriptingObjects (0ms)
		CreateAndSetChildDomain (36ms)
	RebuildCommonClasses (30ms)
	RebuildNativeTypeToScriptingClass (10ms)
	initialDomainReloadingComplete (35ms)
	LoadAllAssembliesAndSetupDomain (276ms)
		LoadAssemblies (359ms)
		RebuildTransferFunctionScriptingTraits (0ms)
		AnalyzeDomain (26ms)
			TypeCache.Refresh (9ms)
				TypeCache.ScanAssembly (1ms)
			ScanForSourceGeneratedMonoScriptInfo (10ms)
			ResolveRequiredComponents (6ms)
	FinalizeReload (1128ms)
		ReleaseScriptCaches (0ms)
		RebuildScriptCaches (0ms)
		SetupLoadedEditorAssemblies (392ms)
			LogAssemblyErrors (0ms)
			InitializePlatformSupportModulesInManaged (20ms)
			SetLoadedEditorAssemblies (4ms)
			RefreshPlugins (0ms)
			BeforeProcessingInitializeOnLoad (72ms)
			ProcessInitializeOnLoadAttributes (258ms)
			ProcessInitializeOnLoadMethodAttributes (27ms)
			AfterProcessingInitializeOnLoad (11ms)
			EditorAssembliesLoaded (0ms)
		ExecutionOrderSort2 (0ms)
		AwakeInstancesAfterBackupRestoration (13ms)
Refreshing native plugins compatible for Editor in 10.61 ms, found 4 plugins.
Preloading 0 native plugins for Editor in 0.00 ms.
Unloading 4047 Unused Serialized files (Serialized files now loaded: 0)
Unloading 20 unused Assets / (31.6 KB). Loaded Objects now: 4648.
Memory consumption went from 144.9 MB to 144.9 MB.
Total: 3.820300 ms (FindLiveObjects: 0.318400 ms CreateObjectMapping: 0.343700 ms MarkObjects: 3.098700 ms  DeleteObjects: 0.058800 ms)

Prepare: number of updated asset objects reloaded= 0
AssetImportParameters requested are different than current active one (requested -> active):
  custom:container-demuxer-ogg: 62fdf1f143b41e24485cea50d1cbac27 -> 
  custom:scripting/monoscript/fileName/GameManager.cs: 9933fbcc6190e2a9171c2ec8808a053e -> 
  custom:video-codec-MediaFoundation-h265: 746d11721c4dcdbdad8f713fa42b33f4 -> 
  custom:scripting/monoscript/fileName/StartDateManager.cs: 6b4b0b54107f235cc8d098251a9f60a7 -> 
  custom:video-decoder-ogg-theora: a1e56fd34408186e4bbccfd4996cb3dc -> 
  custom:framework-win-MediaFoundation: 216162199b28c13a410421893ffa2e32 -> 
  custom:CustomObjectIndexerAttribute: 9a22284fe3817be447336de3de66b15e -> 
  custom:container-demuxer-webm: 4f35f7cbe854078d1ac9338744f61a02 -> 
  custom:container-muxer-webm: aa71ff27fc2769a1b78a27578f13a17b -> 
  custom:video-decoder-webm-vp8: 9c59270c3fd7afecdb556c50c9e8de78 -> 
  custom:SearchIndexIgnoredProperties: e643bd26f0fe6173181afceb89e7c659 -> 
  custom:AudioImporter_EditorPlatform: d09bf68614088b80899f8185d706f6e7 -> 
  custom:video-encoder-webm-vp8: eb34c28f22e8b96e1ab97ce403110664 -> 
  custom:audio-decoder-ogg-vorbis: bf7c407c2cedff20999df2af8eb42d56 -> 
  custom:audio-encoder-webm-vorbis: bf7c407c2cedff20999df2af8eb42d56 -> 
  custom:scripting/precompiled-assembly-types:Assembly-CSharp: 3877622d2ee4b4ab114808fec1e6b895 -> 4c5b523d8f1eb9c015508154981ab5e0
========================================================================
Received Prepare
Caller must complete domain reload
Begin MonoManager ReloadAssembly
- Loaded All Assemblies, in  0.531 seconds
Native extension for WindowsStandalone target not found
Native extension for Android target not found
Mono: successfully reloaded assembly
- Finished resetting the current domain, in  1.393 seconds
Domain Reload Profiling: 1919ms
	BeginReloadAssembly (190ms)
		ExecutionOrderSort (0ms)
		DisableScriptedObjects (11ms)
		BackupInstance (0ms)
		ReleaseScriptingObjects (0ms)
		CreateAndSetChildDomain (35ms)
	RebuildCommonClasses (30ms)
	RebuildNativeTypeToScriptingClass (10ms)
	initialDomainReloadingComplete (33ms)
	LoadAllAssembliesAndSetupDomain (263ms)
		LoadAssemblies (356ms)
		RebuildTransferFunctionScriptingTraits (0ms)
		AnalyzeDomain (14ms)
			TypeCache.Refresh (5ms)
				TypeCache.ScanAssembly (0ms)
			ScanForSourceGeneratedMonoScriptInfo (0ms)
			ResolveRequiredComponents (7ms)
	FinalizeReload (1394ms)
		ReleaseScriptCaches (0ms)
		RebuildScriptCaches (0ms)
		SetupLoadedEditorAssemblies (488ms)
			LogAssemblyErrors (0ms)
			InitializePlatformSupportModulesInManaged (25ms)
			SetLoadedEditorAssemblies (3ms)
			RefreshPlugins (0ms)
			BeforeProcessingInitializeOnLoad (87ms)
			ProcessInitializeOnLoadAttributes (319ms)
			ProcessInitializeOnLoadMethodAttributes (36ms)
			AfterProcessingInitializeOnLoad (17ms)
			EditorAssembliesLoaded (0ms)
		ExecutionOrderSort2 (0ms)
		AwakeInstancesAfterBackupRestoration (18ms)
Refreshing native plugins compatible for Editor in 10.79 ms, found 4 plugins.
Preloading 0 native plugins for Editor in 0.00 ms.
Unloading 4048 Unused Serialized files (Serialized files now loaded: 0)
Unloading 19 unused Assets / (31.1 KB). Loaded Objects now: 4652.
Memory consumption went from 145.2 MB to 145.2 MB.
Total: 3.778700 ms (FindLiveObjects: 0.326100 ms CreateObjectMapping: 0.313300 ms MarkObjects: 3.102200 ms  DeleteObjects: 0.036600 ms)

Prepare: number of updated asset objects reloaded= 0
AssetImportParameters requested are different than current active one (requested -> active):
  custom:container-demuxer-ogg: 62fdf1f143b41e24485cea50d1cbac27 -> 
  custom:scripting/monoscript/fileName/GameManager.cs: 9933fbcc6190e2a9171c2ec8808a053e -> 
  custom:video-codec-MediaFoundation-h265: 746d11721c4dcdbdad8f713fa42b33f4 -> 
  custom:scripting/monoscript/fileName/StartDateManager.cs: 6b4b0b54107f235cc8d098251a9f60a7 -> 
  custom:video-decoder-ogg-theora: a1e56fd34408186e4bbccfd4996cb3dc -> 
  custom:framework-win-MediaFoundation: 216162199b28c13a410421893ffa2e32 -> 
  custom:CustomObjectIndexerAttribute: 9a22284fe3817be447336de3de66b15e -> 
  custom:container-demuxer-webm: 4f35f7cbe854078d1ac9338744f61a02 -> 
  custom:container-muxer-webm: aa71ff27fc2769a1b78a27578f13a17b -> 
  custom:video-decoder-webm-vp8: 9c59270c3fd7afecdb556c50c9e8de78 -> 
  custom:SearchIndexIgnoredProperties: e643bd26f0fe6173181afceb89e7c659 -> 
  custom:AudioImporter_EditorPlatform: d09bf68614088b80899f8185d706f6e7 -> 
  custom:video-encoder-webm-vp8: eb34c28f22e8b96e1ab97ce403110664 -> 
  custom:audio-decoder-ogg-vorbis: bf7c407c2cedff20999df2af8eb42d56 -> 
  custom:audio-encoder-webm-vorbis: bf7c407c2cedff20999df2af8eb42d56 -> 
  custom:scripting/precompiled-assembly-types:Assembly-CSharp: 3877622d2ee4b4ab114808fec1e6b895 -> 4c5b523d8f1eb9c015508154981ab5e0
========================================================================
Received Import Request.
  Time since last request: 40.664976 seconds.
  path: Assets/Bolt 2D LittleWars VE3/Animations/AcBA.overrideController
  artifactKey: Guid(ac77028bd5c27994ca13c3bb59f089d8) Importer(815301076,1909f56bfc062723c751e8b465ee728b)
Start importing Assets/Bolt 2D LittleWars VE3/Animations/AcBA.overrideController using Guid(ac77028bd5c27994ca13c3bb59f089d8) Importer(815301076,1909f56bfc062723c751e8b465ee728b) [PhysX] Initialized MultithreadedTaskDispatcher with 16 workers.
 -> (artifact id: '5843bc14fb53e3a3ddf2588f5617b451') in 0.017301 seconds
Number of updated asset objects reloaded before import = 0
Number of asset objects unloaded after import = 25
========================================================================
Received Import Request.
  Time since last request: 0.000014 seconds.
  path: Assets/Bolt 2D LittleWars VE3/Animations/AcBG.overrideController
  artifactKey: Guid(04263af6cf99e324cb75ac66ad8761b6) Importer(815301076,1909f56bfc062723c751e8b465ee728b)
Start importing Assets/Bolt 2D LittleWars VE3/Animations/AcBG.overrideController using Guid(04263af6cf99e324cb75ac66ad8761b6) Importer(815301076,1909f56bfc062723c751e8b465ee728b) [PhysX] Initialized MultithreadedTaskDispatcher with 16 workers.
 -> (artifact id: 'c2c2b6f3fb59d23c1f6e4e6a55865688') in 0.005287 seconds
Number of updated asset objects reloaded before import = 0
Number of asset objects unloaded after import = 25
========================================================================
Received Import Request.
  Time since last request: 0.000011 seconds.
  path: Assets/Bolt 2D LittleWars VE3/Animations/AcBAU.overrideController
  artifactKey: Guid(2053af2966f351f4f9be283d38f2230b) Importer(815301076,1909f56bfc062723c751e8b465ee728b)
Start importing Assets/Bolt 2D LittleWars VE3/Animations/AcBAU.overrideController using Guid(2053af2966f351f4f9be283d38f2230b) Importer(815301076,1909f56bfc062723c751e8b465ee728b) [PhysX] Initialized MultithreadedTaskDispatcher with 16 workers.
 -> (artifact id: 'c0538fb80eecaf13d315c88875d7fd5b') in 0.006052 seconds
Number of updated asset objects reloaded before import = 0
Number of asset objects unloaded after import = 25
========================================================================
Received Import Request.
  Time since last request: 1.395897 seconds.
  path: Assets/Bolt 2D LittleWars VE3/Animations/AcBGU.overrideController
  artifactKey: Guid(3e02f055fed78674fb6f738d17cdb9c9) Importer(815301076,1909f56bfc062723c751e8b465ee728b)
Start importing Assets/Bolt 2D LittleWars VE3/Animations/AcBGU.overrideController using Guid(3e02f055fed78674fb6f738d17cdb9c9) Importer(815301076,1909f56bfc062723c751e8b465ee728b) [PhysX] Initialized MultithreadedTaskDispatcher with 16 workers.
 -> (artifact id: '6ae64f330748ef31cd1c8ec8a07f3d90') in 0.005184 seconds
Number of updated asset objects reloaded before import = 0
Number of asset objects unloaded after import = 25
========================================================================
Received Import Request.
  Time since last request: 0.000012 seconds.
  path: Assets/Bolt 2D LittleWars VE3/Animations/AcBW.overrideController
  artifactKey: Guid(f6b9a7228a776784cab4f9da1052f156) Importer(815301076,1909f56bfc062723c751e8b465ee728b)
Start importing Assets/Bolt 2D LittleWars VE3/Animations/AcBW.overrideController using Guid(f6b9a7228a776784cab4f9da1052f156) Importer(815301076,1909f56bfc062723c751e8b465ee728b) [PhysX] Initialized MultithreadedTaskDispatcher with 16 workers.
 -> (artifact id: 'f44ffef54541c6d528dac4e4ac809b1b') in 0.006125 seconds
Number of updated asset objects reloaded before import = 0
Number of asset objects unloaded after import = 25
========================================================================
Received Import Request.
  Time since last request: 0.000013 seconds.
  path: Assets/Bolt 2D LittleWars VE3/Animations/AcBSU.overrideController
  artifactKey: Guid(82f3c885db67e134eb5f5846ea8588b6) Importer(815301076,1909f56bfc062723c751e8b465ee728b)
Start importing Assets/Bolt 2D LittleWars VE3/Animations/AcBSU.overrideController using Guid(82f3c885db67e134eb5f5846ea8588b6) Importer(815301076,1909f56bfc062723c751e8b465ee728b) [PhysX] Initialized MultithreadedTaskDispatcher with 16 workers.
 -> (artifact id: '4600dda365621c8bdef2a346e1304068') in 0.004992 seconds
Number of updated asset objects reloaded before import = 0
Number of asset objects unloaded after import = 25
========================================================================
Received Import Request.
  Time since last request: 0.000029 seconds.
  path: Assets/Bolt 2D LittleWars VE3/Demo/AcDemoBWU.overrideController
  artifactKey: Guid(50dbb4d63832bd942ad42be03492c202) Importer(815301076,1909f56bfc062723c751e8b465ee728b)
Start importing Assets/Bolt 2D LittleWars VE3/Demo/AcDemoBWU.overrideController using Guid(50dbb4d63832bd942ad42be03492c202) Importer(815301076,1909f56bfc062723c751e8b465ee728b) [PhysX] Initialized MultithreadedTaskDispatcher with 16 workers.
 -> (artifact id: 'add1a58d08525aee1f80da90dc433523') in 0.005780 seconds
Number of updated asset objects reloaded before import = 0
Number of asset objects unloaded after import = 23
========================================================================
Received Import Request.
  Time since last request: 0.000030 seconds.
  path: Assets/Bolt 2D LittleWars VE3/Demo/AcDemoBGU.overrideController
  artifactKey: Guid(56d8b5bca13b38d4fbcf43bcc15a8697) Importer(815301076,1909f56bfc062723c751e8b465ee728b)
Start importing Assets/Bolt 2D LittleWars VE3/Demo/AcDemoBGU.overrideController using Guid(56d8b5bca13b38d4fbcf43bcc15a8697) Importer(815301076,1909f56bfc062723c751e8b465ee728b) [PhysX] Initialized MultithreadedTaskDispatcher with 16 workers.
 -> (artifact id: 'de1e846db0d57ff7a95947912a1dbe65') in 0.004897 seconds
Number of updated asset objects reloaded before import = 0
Number of asset objects unloaded after import = 23
========================================================================
Received Import Request.
  Time since last request: 0.000011 seconds.
  path: Assets/Bolt 2D LittleWars VE3/Animations/AcBWU.overrideController
  artifactKey: Guid(36c0188f9dec5f34dbaee902d65fdf1a) Importer(815301076,1909f56bfc062723c751e8b465ee728b)
Start importing Assets/Bolt 2D LittleWars VE3/Animations/AcBWU.overrideController using Guid(36c0188f9dec5f34dbaee902d65fdf1a) Importer(815301076,1909f56bfc062723c751e8b465ee728b) [PhysX] Initialized MultithreadedTaskDispatcher with 16 workers.
 -> (artifact id: '3e057420832886622dbb6783ccc31856') in 0.005556 seconds
Number of updated asset objects reloaded before import = 0
Number of asset objects unloaded after import = 25
========================================================================
Received Import Request.
  Time since last request: 0.000012 seconds.
  path: Assets/Bolt 2D LittleWars VE3/Demo/AcDemoBAU.overrideController
  artifactKey: Guid(e79293e63e0e04b45ac1ed621f4015ed) Importer(815301076,1909f56bfc062723c751e8b465ee728b)
Start importing Assets/Bolt 2D LittleWars VE3/Demo/AcDemoBAU.overrideController using Guid(e79293e63e0e04b45ac1ed621f4015ed) Importer(815301076,1909f56bfc062723c751e8b465ee728b) [PhysX] Initialized MultithreadedTaskDispatcher with 16 workers.
 -> (artifact id: '366575b2148b06c03e42d33250f48d39') in 0.005520 seconds
Number of updated asset objects reloaded before import = 0
Number of asset objects unloaded after import = 23
========================================================================
Received Import Request.
  Time since last request: 0.012117 seconds.
  path: Assets/Bolt 2D LittleWars VE3/Demo/AcDemoRA.overrideController
  artifactKey: Guid(638f37003c5be2e41acb83ff81f9be66) Importer(815301076,1909f56bfc062723c751e8b465ee728b)
Start importing Assets/Bolt 2D LittleWars VE3/Demo/AcDemoRA.overrideController using Guid(638f37003c5be2e41acb83ff81f9be66) Importer(815301076,1909f56bfc062723c751e8b465ee728b) [PhysX] Initialized MultithreadedTaskDispatcher with 16 workers.
 -> (artifact id: '3b779ad51b2080dbc3120b2801d04eb4') in 0.006339 seconds
Number of updated asset objects reloaded before import = 0
Number of asset objects unloaded after import = 23
========================================================================
Received Import Request.
  Time since last request: 0.000011 seconds.
  path: Assets/Undead Survivor/Animations/Enemy/AcEnemy 3.overrideController
  artifactKey: Guid(8d1d920724ffb8a409ce0e458dc4b7a9) Importer(815301076,1909f56bfc062723c751e8b465ee728b)
Start importing Assets/Undead Survivor/Animations/Enemy/AcEnemy 3.overrideController using Guid(8d1d920724ffb8a409ce0e458dc4b7a9) Importer(815301076,1909f56bfc062723c751e8b465ee728b) [PhysX] Initialized MultithreadedTaskDispatcher with 16 workers.
 -> (artifact id: '13ce23839662819df846fa771250feeb') in 0.003650 seconds
Number of updated asset objects reloaded before import = 0
Number of asset objects unloaded after import = 16
========================================================================
Received Import Request.
  Time since last request: 0.000012 seconds.
  path: Assets/Undead Survivor/Animations/Enemy/AcEnemy 2.overrideController
  artifactKey: Guid(12cfc8b2360c2fc4499d4f6f6607671a) Importer(815301076,1909f56bfc062723c751e8b465ee728b)
Start importing Assets/Undead Survivor/Animations/Enemy/AcEnemy 2.overrideController using Guid(12cfc8b2360c2fc4499d4f6f6607671a) Importer(815301076,1909f56bfc062723c751e8b465ee728b) [PhysX] Initialized MultithreadedTaskDispatcher with 16 workers.
 -> (artifact id: '83d42716bbaf12cf93a84cfe7d9e5dae') in 0.003720 seconds
Number of updated asset objects reloaded before import = 0
Number of asset objects unloaded after import = 16
========================================================================
Received Import Request.
  Time since last request: 0.000012 seconds.
  path: Assets/Bolt 2D LittleWars VE3/Demo/AcDemoRW.overrideController
  artifactKey: Guid(ed43ed8e0dd09fc479bddd941acc2526) Importer(815301076,1909f56bfc062723c751e8b465ee728b)
Start importing Assets/Bolt 2D LittleWars VE3/Demo/AcDemoRW.overrideController using Guid(ed43ed8e0dd09fc479bddd941acc2526) Importer(815301076,1909f56bfc062723c751e8b465ee728b) [PhysX] Initialized MultithreadedTaskDispatcher with 16 workers.
 -> (artifact id: '4bc4d074a3c314be25b35531a1e94c4f') in 0.004976 seconds
Number of updated asset objects reloaded before import = 0
Number of asset objects unloaded after import = 23
========================================================================
Received Import Request.
  Time since last request: 0.000012 seconds.
  path: Assets/Undead Survivor/Animations/Enemy/AcEnemy 4.overrideController
  artifactKey: Guid(25f7a818644b68042bb0c0c2a28d1550) Importer(815301076,1909f56bfc062723c751e8b465ee728b)
Start importing Assets/Undead Survivor/Animations/Enemy/AcEnemy 4.overrideController using Guid(25f7a818644b68042bb0c0c2a28d1550) Importer(815301076,1909f56bfc062723c751e8b465ee728b) [PhysX] Initialized MultithreadedTaskDispatcher with 16 workers.
 -> (artifact id: '157638b897218bda179f47a63357d997') in 0.003295 seconds
Number of updated asset objects reloaded before import = 0
Number of asset objects unloaded after import = 16
========================================================================
Received Import Request.
  Time since last request: 0.000011 seconds.
  path: Assets/Bolt 2D LittleWars VE3/Demo/AcDemoRG.overrideController
  artifactKey: Guid(c70d26ad774c4eb47af18608900aa117) Importer(815301076,1909f56bfc062723c751e8b465ee728b)
Start importing Assets/Bolt 2D LittleWars VE3/Demo/AcDemoRG.overrideController using Guid(c70d26ad774c4eb47af18608900aa117) Importer(815301076,1909f56bfc062723c751e8b465ee728b) [PhysX] Initialized MultithreadedTaskDispatcher with 16 workers.
 -> (artifact id: 'd4be83e55c3e28352a302894af4e18bd') in 0.005134 seconds
Number of updated asset objects reloaded before import = 0
Number of asset objects unloaded after import = 23
========================================================================
Received Import Request.
  Time since last request: 0.000031 seconds.
  path: Assets/Bolt 2D LittleWars VE3/Animations/AcRSU.overrideController
  artifactKey: Guid(e955f551f2b1de54889b4d07e97c1614) Importer(815301076,1909f56bfc062723c751e8b465ee728b)
Start importing Assets/Bolt 2D LittleWars VE3/Animations/AcRSU.overrideController using Guid(e955f551f2b1de54889b4d07e97c1614) Importer(815301076,1909f56bfc062723c751e8b465ee728b) [PhysX] Initialized MultithreadedTaskDispatcher with 16 workers.
 -> (artifact id: '3c66b79bb8ac6f18244366708ce87cc3') in 0.006369 seconds
Number of updated asset objects reloaded before import = 0
Number of asset objects unloaded after import = 25
========================================================================
Received Import Request.
  Time since last request: 0.000013 seconds.
  path: Assets/Bolt 2D LittleWars VE3/Animations/AcRAU.overrideController
  artifactKey: Guid(4b85d924d25fffb449854dfa84b73bc6) Importer(815301076,1909f56bfc062723c751e8b465ee728b)
Start importing Assets/Bolt 2D LittleWars VE3/Animations/AcRAU.overrideController using Guid(4b85d924d25fffb449854dfa84b73bc6) Importer(815301076,1909f56bfc062723c751e8b465ee728b) [PhysX] Initialized MultithreadedTaskDispatcher with 16 workers.
 -> (artifact id: '1d890e8983ed8f56cf2c2807a992de19') in 0.005284 seconds
Number of updated asset objects reloaded before import = 0
Number of asset objects unloaded after import = 25
========================================================================
Received Import Request.
  Time since last request: 0.000012 seconds.
  path: Assets/Bolt 2D LittleWars VE3/Animations/AcRW.overrideController
  artifactKey: Guid(876e35536f6241f4d9334dc23f5b1cf2) Importer(815301076,1909f56bfc062723c751e8b465ee728b)
Start importing Assets/Bolt 2D LittleWars VE3/Animations/AcRW.overrideController using Guid(876e35536f6241f4d9334dc23f5b1cf2) Importer(815301076,1909f56bfc062723c751e8b465ee728b) [PhysX] Initialized MultithreadedTaskDispatcher with 16 workers.
 -> (artifact id: '829af0386374ac208f266d0a734c1a22') in 0.005614 seconds
Number of updated asset objects reloaded before import = 0
Number of asset objects unloaded after import = 25
========================================================================
Received Import Request.
  Time since last request: 0.000013 seconds.
  path: Assets/Bolt 2D LittleWars VE3/Animations/AcRG.overrideController
  artifactKey: Guid(37fddbbe69a94144ab0953d72418995f) Importer(815301076,1909f56bfc062723c751e8b465ee728b)
Start importing Assets/Bolt 2D LittleWars VE3/Animations/AcRG.overrideController using Guid(37fddbbe69a94144ab0953d72418995f) Importer(815301076,1909f56bfc062723c751e8b465ee728b) [PhysX] Initialized MultithreadedTaskDispatcher with 16 workers.
 -> (artifact id: '534fbeafdb37bd0c6efe3a11fe655d93') in 0.005088 seconds
Number of updated asset objects reloaded before import = 0
Number of asset objects unloaded after import = 25
========================================================================
Received Import Request.
  Time since last request: 0.000012 seconds.
  path: Assets/Bolt 2D LittleWars VE3/Animations/AcRWU.overrideController
  artifactKey: Guid(f07535af6e702024d9f7fb66d545eba3) Importer(815301076,1909f56bfc062723c751e8b465ee728b)
Start importing Assets/Bolt 2D LittleWars VE3/Animations/AcRWU.overrideController using Guid(f07535af6e702024d9f7fb66d545eba3) Importer(815301076,1909f56bfc062723c751e8b465ee728b) [PhysX] Initialized MultithreadedTaskDispatcher with 16 workers.
 -> (artifact id: '41f42f4798a3c45263b20f345181e82e') in 0.005299 seconds
Number of updated asset objects reloaded before import = 0
Number of asset objects unloaded after import = 25
========================================================================
Received Import Request.
  Time since last request: 0.000012 seconds.
  path: Assets/Bolt 2D LittleWars VE3/Demo/AcDemoRS.overrideController
  artifactKey: Guid(2687ddb9353644c469ebd6f2a362e26b) Importer(815301076,1909f56bfc062723c751e8b465ee728b)
Start importing Assets/Bolt 2D LittleWars VE3/Demo/AcDemoRS.overrideController using Guid(2687ddb9353644c469ebd6f2a362e26b) Importer(815301076,1909f56bfc062723c751e8b465ee728b) [PhysX] Initialized MultithreadedTaskDispatcher with 16 workers.
 -> (artifact id: '2fcd563d49976a2813a265edb83d88a3') in 0.005026 seconds
Number of updated asset objects reloaded before import = 0
Number of asset objects unloaded after import = 23
========================================================================
Received Import Request.
  Time since last request: 0.000013 seconds.
  path: Assets/Undead Survivor/Animations/Enemy/AcEnemy 1.overrideController
  artifactKey: Guid(050556270436d4f4288557291a1a99c0) Importer(815301076,1909f56bfc062723c751e8b465ee728b)
Start importing Assets/Undead Survivor/Animations/Enemy/AcEnemy 1.overrideController using Guid(050556270436d4f4288557291a1a99c0) Importer(815301076,1909f56bfc062723c751e8b465ee728b) [PhysX] Initialized MultithreadedTaskDispatcher with 16 workers.
 -> (artifact id: '34a505ae4d5d6a187968b6f4a96149a8') in 0.003172 seconds
Number of updated asset objects reloaded before import = 0
Number of asset objects unloaded after import = 16
========================================================================
Received Import Request.
  Time since last request: 0.000010 seconds.
  path: Assets/Bolt 2D LittleWars VE3/Animations/AcRS.overrideController
  artifactKey: Guid(e99e7a4c3fdf40843a496fb01fb0e1b8) Importer(815301076,1909f56bfc062723c751e8b465ee728b)
Start importing Assets/Bolt 2D LittleWars VE3/Animations/AcRS.overrideController using Guid(e99e7a4c3fdf40843a496fb01fb0e1b8) Importer(815301076,1909f56bfc062723c751e8b465ee728b) [PhysX] Initialized MultithreadedTaskDispatcher with 16 workers.
 -> (artifact id: '5a757b752192ec98aed313eb800563b1') in 0.005002 seconds
Number of updated asset objects reloaded before import = 0
Number of asset objects unloaded after import = 25
========================================================================
Received Import Request.
  Time since last request: 0.000012 seconds.
  path: Assets/Bolt 2D LittleWars VE3/Animations/AcRA.overrideController
  artifactKey: Guid(cc6dadf2a6becad44b7057f6926331e2) Importer(815301076,1909f56bfc062723c751e8b465ee728b)
Start importing Assets/Bolt 2D LittleWars VE3/Animations/AcRA.overrideController using Guid(cc6dadf2a6becad44b7057f6926331e2) Importer(815301076,1909f56bfc062723c751e8b465ee728b) [PhysX] Initialized MultithreadedTaskDispatcher with 16 workers.
 -> (artifact id: 'db5c981a8d11618da8d6f838dfeb61ed') in 0.005530 seconds
Number of updated asset objects reloaded before import = 0
Number of asset objects unloaded after import = 25
========================================================================
Received Import Request.
  Time since last request: 0.000014 seconds.
  path: Assets/Bolt 2D LittleWars VE3/Animations/AcRGU.overrideController
  artifactKey: Guid(20a9d62d50d0eae47a4a59f1ce996e93) Importer(815301076,1909f56bfc062723c751e8b465ee728b)
Start importing Assets/Bolt 2D LittleWars VE3/Animations/AcRGU.overrideController using Guid(20a9d62d50d0eae47a4a59f1ce996e93) Importer(815301076,1909f56bfc062723c751e8b465ee728b) [PhysX] Initialized MultithreadedTaskDispatcher with 16 workers.
 -> (artifact id: 'be3f1d38535f0cff517f6a4f059058d4') in 0.004906 seconds
Number of updated asset objects reloaded before import = 0
Number of asset objects unloaded after import = 25
========================================================================
Received Import Request.
  Time since last request: 5.582233 seconds.
  path: Assets/Bolt 2D LittleWars VE3/App Icon.png
  artifactKey: Guid(2b4560a3f7073b44e947a756afab0feb) Importer(815301076,1909f56bfc062723c751e8b465ee728b)
Start importing Assets/Bolt 2D LittleWars VE3/App Icon.png using Guid(2b4560a3f7073b44e947a756afab0feb) Importer(815301076,1909f56bfc062723c751e8b465ee728b) [PhysX] Initialized MultithreadedTaskDispatcher with 16 workers.
[PhysX] Initialized MultithreadedTaskDispatcher with 16 workers.
 -> (artifact id: 'c9b3e36d15224ad157368e49eeefe198') in 0.054303 seconds
Number of updated asset objects reloaded before import = 0
Number of asset objects unloaded after import = 3
========================================================================
Received Import Request.
  Time since last request: 0.000018 seconds.
  path: Assets/Bolt 2D JellyFarm VE2/App Icon.png
  artifactKey: Guid(2d5a187c329e5f840b248842b9743eb7) Importer(815301076,1909f56bfc062723c751e8b465ee728b)
Start importing Assets/Bolt 2D JellyFarm VE2/App Icon.png using Guid(2d5a187c329e5f840b248842b9743eb7) Importer(815301076,1909f56bfc062723c751e8b465ee728b) [PhysX] Initialized MultithreadedTaskDispatcher with 16 workers.
[PhysX] Initialized MultithreadedTaskDispatcher with 16 workers.
 -> (artifact id: '81836ee4ccba45473fe93dcae219f652') in 0.011880 seconds
Number of updated asset objects reloaded before import = 0
Number of asset objects unloaded after import = 3
========================================================================
Received Import Request.
  Time since last request: 0.000014 seconds.
  path: Assets/Pixel Adventure 1/Assets/Items/Fruits/Apple.png
  artifactKey: Guid(1ddc9afd21fec77489b1248d18f31b68) Importer(815301076,1909f56bfc062723c751e8b465ee728b)
Start importing Assets/Pixel Adventure 1/Assets/Items/Fruits/Apple.png using Guid(1ddc9afd21fec77489b1248d18f31b68) Importer(815301076,1909f56bfc062723c751e8b465ee728b) [PhysX] Initialized MultithreadedTaskDispatcher with 16 workers.
[PhysX] Initialized MultithreadedTaskDispatcher with 16 workers.
 -> (artifact id: '474152d306636664909b8fbd61e2fb2c') in 0.056179 seconds
Number of updated asset objects reloaded before import = 0
Number of asset objects unloaded after import = 19
========================================================================
Received Import Request.
  Time since last request: 0.000016 seconds.
  path: Assets/Pixel Adventure 1/Assets/Main Characters/Appearing (96x96).png
  artifactKey: Guid(3421078018dc3934a8c1ab3b7bf89aa0) Importer(815301076,1909f56bfc062723c751e8b465ee728b)
Start importing Assets/Pixel Adventure 1/Assets/Main Characters/Appearing (96x96).png using Guid(3421078018dc3934a8c1ab3b7bf89aa0) Importer(815301076,1909f56bfc062723c751e8b465ee728b) [PhysX] Initialized MultithreadedTaskDispatcher with 16 workers.
[PhysX] Initialized MultithreadedTaskDispatcher with 16 workers.
 -> (artifact id: 'a9dd9c78a731972a8aaf5cdc2d1fcc57') in 0.038106 seconds
Number of updated asset objects reloaded before import = 0
Number of asset objects unloaded after import = 9
========================================================================
Received Import Request.
  Time since last request: 0.000013 seconds.
  path: Assets/Simple 2D Platformer BE2/App Icon.png
  artifactKey: Guid(c0ced59eb0176454886bbc0407e71090) Importer(815301076,1909f56bfc062723c751e8b465ee728b)
Start importing Assets/Simple 2D Platformer BE2/App Icon.png using Guid(c0ced59eb0176454886bbc0407e71090) Importer(815301076,1909f56bfc062723c751e8b465ee728b) [PhysX] Initialized MultithreadedTaskDispatcher with 16 workers.
[PhysX] Initialized MultithreadedTaskDispatcher with 16 workers.
 -> (artifact id: '2d14dcb0934116a5051571680cf8be25') in 0.009663 seconds
Number of updated asset objects reloaded before import = 0
Number of asset objects unloaded after import = 3
========================================================================
Received Import Request.
  Time since last request: 0.285193 seconds.
  path: Assets/Bolt 2D LittleWars VE3/Audio/Atk Guard.wav
  artifactKey: Guid(b01e23464ab1d6b42a325d18bb9c07d1) Importer(815301076,1909f56bfc062723c751e8b465ee728b)
Start importing Assets/Bolt 2D LittleWars VE3/Audio/Atk Guard.wav using Guid(b01e23464ab1d6b42a325d18bb9c07d1) Importer(815301076,1909f56bfc062723c751e8b465ee728b) [PhysX] Initialized MultithreadedTaskDispatcher with 16 workers.
[PhysX] Initialized MultithreadedTaskDispatcher with 16 workers.
 -> (artifact id: '7c807449fe6823994e32d01fb5e9cc57') in 0.046860 seconds
Number of updated asset objects reloaded before import = 0
Number of asset objects unloaded after import = 2
========================================================================
Received Import Request.
  Time since last request: 0.000019 seconds.
  path: Assets/Bolt 2D LittleWars VE3/Audio/Atk Range Hit.wav
  artifactKey: Guid(bafe8b311a885ed46843e91353ebb18a) Importer(815301076,1909f56bfc062723c751e8b465ee728b)
Start importing Assets/Bolt 2D LittleWars VE3/Audio/Atk Range Hit.wav using Guid(bafe8b311a885ed46843e91353ebb18a) Importer(815301076,1909f56bfc062723c751e8b465ee728b) [PhysX] Initialized MultithreadedTaskDispatcher with 16 workers.
[PhysX] Initialized MultithreadedTaskDispatcher with 16 workers.
 -> (artifact id: 'd5eac34ef4a00b5a92825ab9adb22215') in 0.008525 seconds
Number of updated asset objects reloaded before import = 0
Number of asset objects unloaded after import = 2
========================================================================
Received Import Request.
  Time since last request: 0.000016 seconds.
  path: Assets/Bolt 2D LittleWars VE3/Audio/Atk Magic.wav
  artifactKey: Guid(467459d8db85ae647a3f8b7ce7158530) Importer(815301076,1909f56bfc062723c751e8b465ee728b)
Start importing Assets/Bolt 2D LittleWars VE3/Audio/Atk Magic.wav using Guid(467459d8db85ae647a3f8b7ce7158530) Importer(815301076,1909f56bfc062723c751e8b465ee728b) [PhysX] Initialized MultithreadedTaskDispatcher with 16 workers.
[PhysX] Initialized MultithreadedTaskDispatcher with 16 workers.
 -> (artifact id: 'f4a96a7f4bfd176abd975b311e650413') in 0.012378 seconds
Number of updated asset objects reloaded before import = 0
Number of asset objects unloaded after import = 2
========================================================================
Received Import Request.
  Time since last request: 0.000016 seconds.
  path: Assets/Bolt 2D LittleWars VE3/Audio/Atk Range.wav
  artifactKey: Guid(40d8a01709faa6c42b68ec640cc32a6e) Importer(815301076,1909f56bfc062723c751e8b465ee728b)
Start importing Assets/Bolt 2D LittleWars VE3/Audio/Atk Range.wav using Guid(40d8a01709faa6c42b68ec640cc32a6e) Importer(815301076,1909f56bfc062723c751e8b465ee728b) [PhysX] Initialized MultithreadedTaskDispatcher with 16 workers.
[PhysX] Initialized MultithreadedTaskDispatcher with 16 workers.
 -> (artifact id: '04fd313b2f04a3322e95acc5a16dd489') in 0.007727 seconds
Number of updated asset objects reloaded before import = 0
Number of asset objects unloaded after import = 2
========================================================================
Received Import Request.
  Time since last request: 0.000017 seconds.
  path: Assets/Bolt 2D LittleWars VE3/Audio/Atk Sword.wav
  artifactKey: Guid(ea5fc2d2350a5d647b0763cc8f00f63e) Importer(815301076,1909f56bfc062723c751e8b465ee728b)
Start importing Assets/Bolt 2D LittleWars VE3/Audio/Atk Sword.wav using Guid(ea5fc2d2350a5d647b0763cc8f00f63e) Importer(815301076,1909f56bfc062723c751e8b465ee728b) [PhysX] Initialized MultithreadedTaskDispatcher with 16 workers.
[PhysX] Initialized MultithreadedTaskDispatcher with 16 workers.
 -> (artifact id: '072968168bc5fae34ed3ca4b5f954856') in 0.008419 seconds
Number of updated asset objects reloaded before import = 0
Number of asset objects unloaded after import = 2
========================================================================
Received Prepare
Caller must complete domain reload
Begin MonoManager ReloadAssembly
- Loaded All Assemblies, in  0.502 seconds
Native extension for WindowsStandalone target not found
Native extension for Android target not found
Mono: successfully reloaded assembly
- Finished resetting the current domain, in  1.205 seconds
Domain Reload Profiling: 1701ms
	BeginReloadAssembly (166ms)
		ExecutionOrderSort (0ms)
		DisableScriptedObjects (10ms)
		BackupInstance (0ms)
		ReleaseScriptingObjects (0ms)
		CreateAndSetChildDomain (31ms)
	RebuildCommonClasses (35ms)
	RebuildNativeTypeToScriptingClass (10ms)
	initialDomainReloadingComplete (34ms)
	LoadAllAssembliesAndSetupDomain (250ms)
		LoadAssemblies (332ms)
		RebuildTransferFunctionScriptingTraits (0ms)
		AnalyzeDomain (13ms)
			TypeCache.Refresh (6ms)
				TypeCache.ScanAssembly (0ms)
			ScanForSourceGeneratedMonoScriptInfo (0ms)
			ResolveRequiredComponents (6ms)
	FinalizeReload (1205ms)
		ReleaseScriptCaches (0ms)
		RebuildScriptCaches (0ms)
		SetupLoadedEditorAssemblies (399ms)
			LogAssemblyErrors (0ms)
			InitializePlatformSupportModulesInManaged (21ms)
			SetLoadedEditorAssemblies (3ms)
			RefreshPlugins (0ms)
			BeforeProcessingInitializeOnLoad (76ms)
			ProcessInitializeOnLoadAttributes (259ms)
			ProcessInitializeOnLoadMethodAttributes (28ms)
			AfterProcessingInitializeOnLoad (11ms)
			EditorAssembliesLoaded (0ms)
		ExecutionOrderSort2 (0ms)
		AwakeInstancesAfterBackupRestoration (15ms)
Refreshing native plugins compatible for Editor in 8.03 ms, found 4 plugins.
Preloading 0 native plugins for Editor in 0.00 ms.
Unloading 4047 Unused Serialized files (Serialized files now loaded: 0)
Unloading 19 unused Assets / (31.1 KB). Loaded Objects now: 4664.
Memory consumption went from 144.2 MB to 144.2 MB.
Total: 3.367500 ms (FindLiveObjects: 0.299800 ms CreateObjectMapping: 0.249600 ms MarkObjects: 2.776300 ms  DeleteObjects: 0.041100 ms)

Prepare: number of updated asset objects reloaded= 0
AssetImportParameters requested are different than current active one (requested -> active):
  custom:container-demuxer-ogg: 62fdf1f143b41e24485cea50d1cbac27 -> 
  custom:scripting/monoscript/fileName/GameManager.cs: 9933fbcc6190e2a9171c2ec8808a053e -> 
  custom:video-codec-MediaFoundation-h265: 746d11721c4dcdbdad8f713fa42b33f4 -> 
  custom:scripting/monoscript/fileName/StartDateManager.cs: 6b4b0b54107f235cc8d098251a9f60a7 -> 
  custom:video-decoder-ogg-theora: a1e56fd34408186e4bbccfd4996cb3dc -> 
  custom:framework-win-MediaFoundation: 216162199b28c13a410421893ffa2e32 -> 
  custom:CustomObjectIndexerAttribute: 9a22284fe3817be447336de3de66b15e -> 
  custom:container-demuxer-webm: 4f35f7cbe854078d1ac9338744f61a02 -> 
  custom:container-muxer-webm: aa71ff27fc2769a1b78a27578f13a17b -> 
  custom:video-decoder-webm-vp8: 9c59270c3fd7afecdb556c50c9e8de78 -> 
  custom:SearchIndexIgnoredProperties: e643bd26f0fe6173181afceb89e7c659 -> 
  custom:AudioImporter_EditorPlatform: d09bf68614088b80899f8185d706f6e7 -> 
  custom:video-encoder-webm-vp8: eb34c28f22e8b96e1ab97ce403110664 -> 
  custom:audio-decoder-ogg-vorbis: bf7c407c2cedff20999df2af8eb42d56 -> 
  custom:audio-encoder-webm-vorbis: bf7c407c2cedff20999df2af8eb42d56 -> 
  custom:scripting/precompiled-assembly-types:Assembly-CSharp: 3877622d2ee4b4ab114808fec1e6b895 -> 4c5b523d8f1eb9c015508154981ab5e0
========================================================================
Received Prepare
Caller must complete domain reload
Begin MonoManager ReloadAssembly
- Loaded All Assemblies, in  0.510 seconds
Native extension for WindowsStandalone target not found
Native extension for Android target not found
Mono: successfully reloaded assembly
- Finished resetting the current domain, in  1.172 seconds
Domain Reload Profiling: 1674ms
	BeginReloadAssembly (165ms)
		ExecutionOrderSort (0ms)
		DisableScriptedObjects (10ms)
		BackupInstance (0ms)
		ReleaseScriptingObjects (0ms)
		CreateAndSetChildDomain (28ms)
	RebuildCommonClasses (29ms)
	RebuildNativeTypeToScriptingClass (10ms)
	initialDomainReloadingComplete (42ms)
	LoadAllAssembliesAndSetupDomain (256ms)
		LoadAssemblies (340ms)
		RebuildTransferFunctionScriptingTraits (0ms)
		AnalyzeDomain (13ms)
			TypeCache.Refresh (5ms)
				TypeCache.ScanAssembly (0ms)
			ScanForSourceGeneratedMonoScriptInfo (0ms)
			ResolveRequiredComponents (6ms)
	FinalizeReload (1172ms)
		ReleaseScriptCaches (0ms)
		RebuildScriptCaches (0ms)
		SetupLoadedEditorAssemblies (393ms)
			LogAssemblyErrors (0ms)
			InitializePlatformSupportModulesInManaged (20ms)
			SetLoadedEditorAssemblies (3ms)
			RefreshPlugins (0ms)
			BeforeProcessingInitializeOnLoad (73ms)
			ProcessInitializeOnLoadAttributes (258ms)
			ProcessInitializeOnLoadMethodAttributes (29ms)
			AfterProcessingInitializeOnLoad (11ms)
			EditorAssembliesLoaded (0ms)
		ExecutionOrderSort2 (0ms)
		AwakeInstancesAfterBackupRestoration (14ms)
Refreshing native plugins compatible for Editor in 8.33 ms, found 4 plugins.
Preloading 0 native plugins for Editor in 0.00 ms.
Unloading 4048 Unused Serialized files (Serialized files now loaded: 0)
Unloading 19 unused Assets / (31.1 KB). Loaded Objects now: 4668.
Memory consumption went from 144.5 MB to 144.4 MB.
Total: 3.002300 ms (FindLiveObjects: 0.279600 ms CreateObjectMapping: 0.196000 ms MarkObjects: 2.486100 ms  DeleteObjects: 0.039700 ms)

Prepare: number of updated asset objects reloaded= 0
AssetImportParameters requested are different than current active one (requested -> active):
  custom:container-demuxer-ogg: 62fdf1f143b41e24485cea50d1cbac27 -> 
  custom:scripting/monoscript/fileName/GameManager.cs: 9933fbcc6190e2a9171c2ec8808a053e -> 
  custom:video-codec-MediaFoundation-h265: 746d11721c4dcdbdad8f713fa42b33f4 -> 
  custom:scripting/monoscript/fileName/StartDateManager.cs: 6b4b0b54107f235cc8d098251a9f60a7 -> 
  custom:video-decoder-ogg-theora: a1e56fd34408186e4bbccfd4996cb3dc -> 
  custom:framework-win-MediaFoundation: 216162199b28c13a410421893ffa2e32 -> 
  custom:CustomObjectIndexerAttribute: 9a22284fe3817be447336de3de66b15e -> 
  custom:container-demuxer-webm: 4f35f7cbe854078d1ac9338744f61a02 -> 
  custom:container-muxer-webm: aa71ff27fc2769a1b78a27578f13a17b -> 
  custom:video-decoder-webm-vp8: 9c59270c3fd7afecdb556c50c9e8de78 -> 
  custom:SearchIndexIgnoredProperties: e643bd26f0fe6173181afceb89e7c659 -> 
  custom:AudioImporter_EditorPlatform: d09bf68614088b80899f8185d706f6e7 -> 
  custom:video-encoder-webm-vp8: eb34c28f22e8b96e1ab97ce403110664 -> 
  custom:audio-decoder-ogg-vorbis: bf7c407c2cedff20999df2af8eb42d56 -> 
  custom:audio-encoder-webm-vorbis: bf7c407c2cedff20999df2af8eb42d56 -> 
  custom:scripting/precompiled-assembly-types:Assembly-CSharp: 3877622d2ee4b4ab114808fec1e6b895 -> 4c5b523d8f1eb9c015508154981ab5e0
========================================================================
Received Prepare
Caller must complete domain reload
Begin MonoManager ReloadAssembly
- Loaded All Assemblies, in  0.504 seconds
Native extension for WindowsStandalone target not found
Native extension for Android target not found
Mono: successfully reloaded assembly
- Finished resetting the current domain, in  1.235 seconds
Domain Reload Profiling: 1733ms
	BeginReloadAssembly (158ms)
		ExecutionOrderSort (0ms)
		DisableScriptedObjects (10ms)
		BackupInstance (0ms)
		ReleaseScriptingObjects (0ms)
		CreateAndSetChildDomain (29ms)
	RebuildCommonClasses (29ms)
	RebuildNativeTypeToScriptingClass (10ms)
	initialDomainReloadingComplete (39ms)
	LoadAllAssembliesAndSetupDomain (262ms)
		LoadAssemblies (337ms)
		RebuildTransferFunctionScriptingTraits (0ms)
		AnalyzeDomain (13ms)
			TypeCache.Refresh (5ms)
				TypeCache.ScanAssembly (0ms)
			ScanForSourceGeneratedMonoScriptInfo (0ms)
			ResolveRequiredComponents (6ms)
	FinalizeReload (1236ms)
		ReleaseScriptCaches (0ms)
		RebuildScriptCaches (0ms)
		SetupLoadedEditorAssemblies (421ms)
			LogAssemblyErrors (0ms)
			InitializePlatformSupportModulesInManaged (21ms)
			SetLoadedEditorAssemblies (3ms)
			RefreshPlugins (0ms)
			BeforeProcessingInitializeOnLoad (77ms)
			ProcessInitializeOnLoadAttributes (276ms)
			ProcessInitializeOnLoadMethodAttributes (33ms)
			AfterProcessingInitializeOnLoad (11ms)
			EditorAssembliesLoaded (0ms)
		ExecutionOrderSort2 (0ms)
		AwakeInstancesAfterBackupRestoration (14ms)
Refreshing native plugins compatible for Editor in 8.34 ms, found 4 plugins.
Preloading 0 native plugins for Editor in 0.00 ms.
Unloading 4048 Unused Serialized files (Serialized files now loaded: 0)
Unloading 19 unused Assets / (31.1 KB). Loaded Objects now: 4672.
Memory consumption went from 144.5 MB to 144.4 MB.
Total: 3.138100 ms (FindLiveObjects: 0.288200 ms CreateObjectMapping: 0.201600 ms MarkObjects: 2.607500 ms  DeleteObjects: 0.040000 ms)

Prepare: number of updated asset objects reloaded= 0
AssetImportParameters requested are different than current active one (requested -> active):
  custom:container-demuxer-ogg: 62fdf1f143b41e24485cea50d1cbac27 -> 
  custom:scripting/monoscript/fileName/GameManager.cs: 9933fbcc6190e2a9171c2ec8808a053e -> 
  custom:video-codec-MediaFoundation-h265: 746d11721c4dcdbdad8f713fa42b33f4 -> 
  custom:scripting/monoscript/fileName/StartDateManager.cs: 6b4b0b54107f235cc8d098251a9f60a7 -> 
  custom:video-decoder-ogg-theora: a1e56fd34408186e4bbccfd4996cb3dc -> 
  custom:framework-win-MediaFoundation: 216162199b28c13a410421893ffa2e32 -> 
  custom:CustomObjectIndexerAttribute: 9a22284fe3817be447336de3de66b15e -> 
  custom:container-demuxer-webm: 4f35f7cbe854078d1ac9338744f61a02 -> 
  custom:container-muxer-webm: aa71ff27fc2769a1b78a27578f13a17b -> 
  custom:video-decoder-webm-vp8: 9c59270c3fd7afecdb556c50c9e8de78 -> 
  custom:SearchIndexIgnoredProperties: e643bd26f0fe6173181afceb89e7c659 -> 
  custom:AudioImporter_EditorPlatform: d09bf68614088b80899f8185d706f6e7 -> 
  custom:video-encoder-webm-vp8: eb34c28f22e8b96e1ab97ce403110664 -> 
  custom:audio-decoder-ogg-vorbis: bf7c407c2cedff20999df2af8eb42d56 -> 
  custom:audio-encoder-webm-vorbis: bf7c407c2cedff20999df2af8eb42d56 -> 
  custom:scripting/precompiled-assembly-types:Assembly-CSharp: 3877622d2ee4b4ab114808fec1e6b895 -> 4c5b523d8f1eb9c015508154981ab5e0
========================================================================
Received Import Request.
  Time since last request: 974.304592 seconds.
  path: Assets/Script/법사직업.prefab
  artifactKey: Guid(dff725056f1164c49882075882b1f340) Importer(815301076,1909f56bfc062723c751e8b465ee728b)
Start importing Assets/Script/법사직업.prefab using Guid(dff725056f1164c49882075882b1f340) Importer(815301076,1909f56bfc062723c751e8b465ee728b) [PhysX] Initialized MultithreadedTaskDispatcher with 16 workers.
[PhysX] Initialized MultithreadedTaskDispatcher with 16 workers.
 -> (artifact id: 'e51ae611c0aaa06ad17b7f1cee906cdb') in 0.059293 seconds
Number of updated asset objects reloaded before import = 0
Number of asset objects unloaded after import = 38
========================================================================
Received Import Request.
  Time since last request: 6.816215 seconds.
  path: Assets/Script/RankPrefab.prefab
  artifactKey: Guid(367c1b4a6b458ec4383e37f6263c0e03) Importer(815301076,1909f56bfc062723c751e8b465ee728b)
Start importing Assets/Script/RankPrefab.prefab using Guid(367c1b4a6b458ec4383e37f6263c0e03) Importer(815301076,1909f56bfc062723c751e8b465ee728b) [PhysX] Initialized MultithreadedTaskDispatcher with 16 workers.
 -> (artifact id: 'e42f8bc2a31b50ec8ed608c429220002') in 0.005244 seconds
Number of updated asset objects reloaded before import = 0
Number of asset objects unloaded after import = 6
========================================================================
Received Import Request.
  Time since last request: 318.612546 seconds.
  path: Assets/Script/StartDateManager.cs
  artifactKey: Guid(89baba2ea9c00b048bd9b52d2a6012f9) Importer(815301076,1909f56bfc062723c751e8b465ee728b)
Start importing Assets/Script/StartDateManager.cs using Guid(89baba2ea9c00b048bd9b52d2a6012f9) Importer(815301076,1909f56bfc062723c751e8b465ee728b) [PhysX] Initialized MultithreadedTaskDispatcher with 16 workers.
 -> (artifact id: '55626ce4460aa989292dd60ced443ac4') in 0.000661 seconds
Number of updated asset objects reloaded before import = 0
Number of asset objects unloaded after import = 0
========================================================================
Received Prepare
Caller must complete domain reload
Begin MonoManager ReloadAssembly
- Loaded All Assemblies, in  0.513 seconds
Native extension for WindowsStandalone target not found
Native extension for Android target not found
Mono: successfully reloaded assembly
- Finished resetting the current domain, in  1.107 seconds
Domain Reload Profiling: 1615ms
	BeginReloadAssembly (160ms)
		ExecutionOrderSort (0ms)
		DisableScriptedObjects (10ms)
		BackupInstance (0ms)
		ReleaseScriptingObjects (0ms)
		CreateAndSetChildDomain (30ms)
	RebuildCommonClasses (31ms)
	RebuildNativeTypeToScriptingClass (10ms)
	initialDomainReloadingComplete (34ms)
	LoadAllAssembliesAndSetupDomain (273ms)
		LoadAssemblies (336ms)
		RebuildTransferFunctionScriptingTraits (0ms)
		AnalyzeDomain (27ms)
			TypeCache.Refresh (9ms)
				TypeCache.ScanAssembly (1ms)
			ScanForSourceGeneratedMonoScriptInfo (9ms)
			ResolveRequiredComponents (7ms)
	FinalizeReload (1108ms)
		ReleaseScriptCaches (0ms)
		RebuildScriptCaches (0ms)
		SetupLoadedEditorAssemblies (380ms)
			LogAssemblyErrors (0ms)
			InitializePlatformSupportModulesInManaged (18ms)
			SetLoadedEditorAssemblies (3ms)
			RefreshPlugins (0ms)
			BeforeProcessingInitializeOnLoad (70ms)
			ProcessInitializeOnLoadAttributes (248ms)
			ProcessInitializeOnLoadMethodAttributes (29ms)
			AfterProcessingInitializeOnLoad (11ms)
			EditorAssembliesLoaded (0ms)
		ExecutionOrderSort2 (0ms)
		AwakeInstancesAfterBackupRestoration (14ms)
Refreshing native plugins compatible for Editor in 8.29 ms, found 4 plugins.
Preloading 0 native plugins for Editor in 0.00 ms.
Unloading 4047 Unused Serialized files (Serialized files now loaded: 0)
Unloading 19 unused Assets / (31.1 KB). Loaded Objects now: 4676.
Memory consumption went from 144.2 MB to 144.2 MB.
Total: 3.290100 ms (FindLiveObjects: 0.266500 ms CreateObjectMapping: 0.199800 ms MarkObjects: 2.788400 ms  DeleteObjects: 0.034600 ms)

Prepare: number of updated asset objects reloaded= 0
AssetImportParameters requested are different than current active one (requested -> active):
  custom:container-demuxer-ogg: 62fdf1f143b41e24485cea50d1cbac27 -> 
  custom:scripting/monoscript/fileName/GameManager.cs: 9933fbcc6190e2a9171c2ec8808a053e -> 
  custom:video-codec-MediaFoundation-h265: 746d11721c4dcdbdad8f713fa42b33f4 -> 
  custom:scripting/monoscript/fileName/StartDateManager.cs: 6b4b0b54107f235cc8d098251a9f60a7 -> 
  custom:video-decoder-ogg-theora: a1e56fd34408186e4bbccfd4996cb3dc -> 
  custom:framework-win-MediaFoundation: 216162199b28c13a410421893ffa2e32 -> 
  custom:CustomObjectIndexerAttribute: 9a22284fe3817be447336de3de66b15e -> 
  custom:container-demuxer-webm: 4f35f7cbe854078d1ac9338744f61a02 -> 
  custom:container-muxer-webm: aa71ff27fc2769a1b78a27578f13a17b -> 
  custom:video-decoder-webm-vp8: 9c59270c3fd7afecdb556c50c9e8de78 -> 
  custom:SearchIndexIgnoredProperties: e643bd26f0fe6173181afceb89e7c659 -> 
  custom:AudioImporter_EditorPlatform: d09bf68614088b80899f8185d706f6e7 -> 
  custom:video-encoder-webm-vp8: eb34c28f22e8b96e1ab97ce403110664 -> 
  custom:audio-decoder-ogg-vorbis: bf7c407c2cedff20999df2af8eb42d56 -> 
  custom:audio-encoder-webm-vorbis: bf7c407c2cedff20999df2af8eb42d56 -> 
  custom:scripting/precompiled-assembly-types:Assembly-CSharp: 3877622d2ee4b4ab114808fec1e6b895 -> 4c5b523d8f1eb9c015508154981ab5e0
========================================================================
Received Import Request.
  Time since last request: 22.715376 seconds.
  path: Assets/Script/RankPage.cs
  artifactKey: Guid(9782bd1152f274e48a25c7f3d61e6e76) Importer(815301076,1909f56bfc062723c751e8b465ee728b)
Start importing Assets/Script/RankPage.cs using Guid(9782bd1152f274e48a25c7f3d61e6e76) Importer(815301076,1909f56bfc062723c751e8b465ee728b) [PhysX] Initialized MultithreadedTaskDispatcher with 16 workers.
 -> (artifact id: '9361db2f5b5d3685d2ecf2389a57a1b3') in 0.002901 seconds
Number of updated asset objects reloaded before import = 0
Number of asset objects unloaded after import = 0
========================================================================
Received Prepare
Caller must complete domain reload
Begin MonoManager ReloadAssembly
- Loaded All Assemblies, in  0.540 seconds
Native extension for WindowsStandalone target not found
Native extension for Android target not found
Mono: successfully reloaded assembly
- Finished resetting the current domain, in  1.226 seconds
Domain Reload Profiling: 1757ms
	BeginReloadAssembly (173ms)
		ExecutionOrderSort (0ms)
		DisableScriptedObjects (11ms)
		BackupInstance (0ms)
		ReleaseScriptingObjects (0ms)
		CreateAndSetChildDomain (31ms)
	RebuildCommonClasses (32ms)
	RebuildNativeTypeToScriptingClass (11ms)
	initialDomainReloadingComplete (37ms)
	LoadAllAssembliesAndSetupDomain (278ms)
		LoadAssemblies (348ms)
		RebuildTransferFunctionScriptingTraits (0ms)
		AnalyzeDomain (27ms)
			TypeCache.Refresh (10ms)
				TypeCache.ScanAssembly (1ms)
			ScanForSourceGeneratedMonoScriptInfo (10ms)
			ResolveRequiredComponents (6ms)
	FinalizeReload (1227ms)
		ReleaseScriptCaches (0ms)
		RebuildScriptCaches (0ms)
		SetupLoadedEditorAssemblies (421ms)
			LogAssemblyErrors (0ms)
			InitializePlatformSupportModulesInManaged (21ms)
			SetLoadedEditorAssemblies (3ms)
			RefreshPlugins (0ms)
			BeforeProcessingInitializeOnLoad (78ms)
			ProcessInitializeOnLoadAttributes (276ms)
			ProcessInitializeOnLoadMethodAttributes (30ms)
			AfterProcessingInitializeOnLoad (11ms)
			EditorAssembliesLoaded (0ms)
		ExecutionOrderSort2 (0ms)
		AwakeInstancesAfterBackupRestoration (15ms)
Refreshing native plugins compatible for Editor in 8.36 ms, found 4 plugins.
Preloading 0 native plugins for Editor in 0.00 ms.
Unloading 4048 Unused Serialized files (Serialized files now loaded: 0)
Unloading 19 unused Assets / (31.1 KB). Loaded Objects now: 4681.
Memory consumption went from 144.2 MB to 144.2 MB.
Total: 3.315200 ms (FindLiveObjects: 0.308900 ms CreateObjectMapping: 0.311900 ms MarkObjects: 2.652300 ms  DeleteObjects: 0.041400 ms)

Prepare: number of updated asset objects reloaded= 0
AssetImportParameters requested are different than current active one (requested -> active):
  custom:container-demuxer-ogg: 62fdf1f143b41e24485cea50d1cbac27 -> 
  custom:scripting/monoscript/fileName/GameManager.cs: 9933fbcc6190e2a9171c2ec8808a053e -> 
  custom:video-codec-MediaFoundation-h265: 746d11721c4dcdbdad8f713fa42b33f4 -> 
  custom:scripting/monoscript/fileName/StartDateManager.cs: 6b4b0b54107f235cc8d098251a9f60a7 -> 
  custom:video-decoder-ogg-theora: a1e56fd34408186e4bbccfd4996cb3dc -> 
  custom:framework-win-MediaFoundation: 216162199b28c13a410421893ffa2e32 -> 
  custom:CustomObjectIndexerAttribute: 9a22284fe3817be447336de3de66b15e -> 
  custom:container-demuxer-webm: 4f35f7cbe854078d1ac9338744f61a02 -> 
  custom:container-muxer-webm: aa71ff27fc2769a1b78a27578f13a17b -> 
  custom:video-decoder-webm-vp8: 9c59270c3fd7afecdb556c50c9e8de78 -> 
  custom:SearchIndexIgnoredProperties: e643bd26f0fe6173181afceb89e7c659 -> 
  custom:AudioImporter_EditorPlatform: d09bf68614088b80899f8185d706f6e7 -> 
  custom:scripting/monoscript/fileName/RankPage.cs: 49d26e38578c1e602013e6a83bc4e515 -> 
  custom:video-encoder-webm-vp8: eb34c28f22e8b96e1ab97ce403110664 -> 
  custom:audio-decoder-ogg-vorbis: bf7c407c2cedff20999df2af8eb42d56 -> 
  custom:audio-encoder-webm-vorbis: bf7c407c2cedff20999df2af8eb42d56 -> 
  custom:scripting/precompiled-assembly-types:Assembly-CSharp: 24409f35729b38c25f3ebcfce00e8a73 -> 4c5b523d8f1eb9c015508154981ab5e0
========================================================================
Received Import Request.
  Time since last request: 7.461054 seconds.
  path: Assets/Script/RankPage.cs
  artifactKey: Guid(9782bd1152f274e48a25c7f3d61e6e76) Importer(815301076,1909f56bfc062723c751e8b465ee728b)
Start importing Assets/Script/RankPage.cs using Guid(9782bd1152f274e48a25c7f3d61e6e76) Importer(815301076,1909f56bfc062723c751e8b465ee728b) [PhysX] Initialized MultithreadedTaskDispatcher with 16 workers.
 -> (artifact id: '97a14acfada5dcdfc1482d4343148302') in 0.002180 seconds
Number of updated asset objects reloaded before import = 0
Number of asset objects unloaded after import = 0
========================================================================
Received Import Request.
  Time since last request: 169.981588 seconds.
  path: Assets/Script/RankPage.cs
  artifactKey: Guid(9782bd1152f274e48a25c7f3d61e6e76) Importer(815301076,1909f56bfc062723c751e8b465ee728b)
Start importing Assets/Script/RankPage.cs using Guid(9782bd1152f274e48a25c7f3d61e6e76) Importer(815301076,1909f56bfc062723c751e8b465ee728b) [PhysX] Initialized MultithreadedTaskDispatcher with 16 workers.
 -> (artifact id: '9c6a91dfe08089a3a8585acb71596538') in 0.000559 seconds
Number of updated asset objects reloaded before import = 0
Number of asset objects unloaded after import = 0
========================================================================
Received Prepare
Caller must complete domain reload
Begin MonoManager ReloadAssembly
- Loaded All Assemblies, in  0.504 seconds
Native extension for WindowsStandalone target not found
Native extension for Android target not found
Mono: successfully reloaded assembly
- Finished resetting the current domain, in  1.104 seconds
Domain Reload Profiling: 1602ms
	BeginReloadAssembly (155ms)
		ExecutionOrderSort (0ms)
		DisableScriptedObjects (11ms)
		BackupInstance (0ms)
		ReleaseScriptingObjects (0ms)
		CreateAndSetChildDomain (29ms)
	RebuildCommonClasses (30ms)
	RebuildNativeTypeToScriptingClass (10ms)
	initialDomainReloadingComplete (33ms)
	LoadAllAssembliesAndSetupDomain (270ms)
		LoadAssemblies (331ms)
		RebuildTransferFunctionScriptingTraits (0ms)
		AnalyzeDomain (25ms)
			TypeCache.Refresh (9ms)
				TypeCache.ScanAssembly (1ms)
			ScanForSourceGeneratedMonoScriptInfo (9ms)
			ResolveRequiredComponents (6ms)
	FinalizeReload (1104ms)
		ReleaseScriptCaches (0ms)
		RebuildScriptCaches (0ms)
		SetupLoadedEditorAssemblies (374ms)
			LogAssemblyErrors (0ms)
			InitializePlatformSupportModulesInManaged (19ms)
			SetLoadedEditorAssemblies (3ms)
			RefreshPlugins (0ms)
			BeforeProcessingInitializeOnLoad (69ms)
			ProcessInitializeOnLoadAttributes (245ms)
			ProcessInitializeOnLoadMethodAttributes (27ms)
			AfterProcessingInitializeOnLoad (11ms)
			EditorAssembliesLoaded (0ms)
		ExecutionOrderSort2 (0ms)
		AwakeInstancesAfterBackupRestoration (13ms)
Refreshing native plugins compatible for Editor in 7.93 ms, found 4 plugins.
Preloading 0 native plugins for Editor in 0.00 ms.
Unloading 4048 Unused Serialized files (Serialized files now loaded: 0)
Unloading 19 unused Assets / (31.1 KB). Loaded Objects now: 4685.
Memory consumption went from 144.2 MB to 144.2 MB.
Total: 3.218900 ms (FindLiveObjects: 0.291600 ms CreateObjectMapping: 0.235100 ms MarkObjects: 2.654800 ms  DeleteObjects: 0.036600 ms)

Prepare: number of updated asset objects reloaded= 0
AssetImportParameters requested are different than current active one (requested -> active):
  custom:container-demuxer-ogg: 62fdf1f143b41e24485cea50d1cbac27 -> 
  custom:scripting/monoscript/fileName/GameManager.cs: 9933fbcc6190e2a9171c2ec8808a053e -> 
  custom:video-codec-MediaFoundation-h265: 746d11721c4dcdbdad8f713fa42b33f4 -> 
  custom:scripting/monoscript/fileName/StartDateManager.cs: 6b4b0b54107f235cc8d098251a9f60a7 -> 
  custom:video-decoder-ogg-theora: a1e56fd34408186e4bbccfd4996cb3dc -> 
  custom:framework-win-MediaFoundation: 216162199b28c13a410421893ffa2e32 -> 
  custom:CustomObjectIndexerAttribute: 9a22284fe3817be447336de3de66b15e -> 
  custom:container-demuxer-webm: 4f35f7cbe854078d1ac9338744f61a02 -> 
  custom:container-muxer-webm: aa71ff27fc2769a1b78a27578f13a17b -> 
  custom:video-decoder-webm-vp8: 9c59270c3fd7afecdb556c50c9e8de78 -> 
  custom:SearchIndexIgnoredProperties: e643bd26f0fe6173181afceb89e7c659 -> 
  custom:AudioImporter_EditorPlatform: d09bf68614088b80899f8185d706f6e7 -> 
  custom:scripting/monoscript/fileName/RankPage.cs: 49d26e38578c1e602013e6a83bc4e515 -> 
  custom:video-encoder-webm-vp8: eb34c28f22e8b96e1ab97ce403110664 -> 
  custom:audio-decoder-ogg-vorbis: bf7c407c2cedff20999df2af8eb42d56 -> 
  custom:audio-encoder-webm-vorbis: bf7c407c2cedff20999df2af8eb42d56 -> 
  custom:scripting/precompiled-assembly-types:Assembly-CSharp: fc6aa3de6f4e1b18cce3b1080e236c06 -> 4c5b523d8f1eb9c015508154981ab5e0
========================================================================
Received Prepare
Caller must complete domain reload
Begin MonoManager ReloadAssembly
- Loaded All Assemblies, in  0.513 seconds
Native extension for WindowsStandalone target not found
Native extension for Android target not found
Mono: successfully reloaded assembly
- Finished resetting the current domain, in  1.223 seconds
Domain Reload Profiling: 1731ms
	BeginReloadAssembly (164ms)
		ExecutionOrderSort (0ms)
		DisableScriptedObjects (10ms)
		BackupInstance (0ms)
		ReleaseScriptingObjects (0ms)
		CreateAndSetChildDomain (33ms)
	RebuildCommonClasses (30ms)
	RebuildNativeTypeToScriptingClass (10ms)
	initialDomainReloadingComplete (35ms)
	LoadAllAssembliesAndSetupDomain (267ms)
		LoadAssemblies (342ms)
		RebuildTransferFunctionScriptingTraits (0ms)
		AnalyzeDomain (16ms)
			TypeCache.Refresh (5ms)
				TypeCache.ScanAssembly (0ms)
			ScanForSourceGeneratedMonoScriptInfo (0ms)
			ResolveRequiredComponents (9ms)
	FinalizeReload (1224ms)
		ReleaseScriptCaches (0ms)
		RebuildScriptCaches (0ms)
		SetupLoadedEditorAssemblies (421ms)
			LogAssemblyErrors (0ms)
			InitializePlatformSupportModulesInManaged (21ms)
			SetLoadedEditorAssemblies (3ms)
			RefreshPlugins (0ms)
			BeforeProcessingInitializeOnLoad (75ms)
			ProcessInitializeOnLoadAttributes (279ms)
			ProcessInitializeOnLoadMethodAttributes (32ms)
			AfterProcessingInitializeOnLoad (12ms)
			EditorAssembliesLoaded (0ms)
		ExecutionOrderSort2 (0ms)
		AwakeInstancesAfterBackupRestoration (15ms)
Refreshing native plugins compatible for Editor in 8.30 ms, found 4 plugins.
Preloading 0 native plugins for Editor in 0.00 ms.
Unloading 4049 Unused Serialized files (Serialized files now loaded: 0)
Unloading 19 unused Assets / (31.1 KB). Loaded Objects now: 4689.
Memory consumption went from 144.5 MB to 144.5 MB.
Total: 3.375300 ms (FindLiveObjects: 0.368800 ms CreateObjectMapping: 0.198900 ms MarkObjects: 2.768000 ms  DeleteObjects: 0.038800 ms)

Prepare: number of updated asset objects reloaded= 0
AssetImportParameters requested are different than current active one (requested -> active):
  custom:container-demuxer-ogg: 62fdf1f143b41e24485cea50d1cbac27 -> 
  custom:scripting/monoscript/fileName/GameManager.cs: 9933fbcc6190e2a9171c2ec8808a053e -> 
  custom:video-codec-MediaFoundation-h265: 746d11721c4dcdbdad8f713fa42b33f4 -> 
  custom:scripting/monoscript/fileName/StartDateManager.cs: 6b4b0b54107f235cc8d098251a9f60a7 -> 
  custom:video-decoder-ogg-theora: a1e56fd34408186e4bbccfd4996cb3dc -> 
  custom:framework-win-MediaFoundation: 216162199b28c13a410421893ffa2e32 -> 
  custom:CustomObjectIndexerAttribute: 9a22284fe3817be447336de3de66b15e -> 
  custom:container-demuxer-webm: 4f35f7cbe854078d1ac9338744f61a02 -> 
  custom:container-muxer-webm: aa71ff27fc2769a1b78a27578f13a17b -> 
  custom:video-decoder-webm-vp8: 9c59270c3fd7afecdb556c50c9e8de78 -> 
  custom:SearchIndexIgnoredProperties: e643bd26f0fe6173181afceb89e7c659 -> 
  custom:AudioImporter_EditorPlatform: d09bf68614088b80899f8185d706f6e7 -> 
  custom:scripting/monoscript/fileName/RankPage.cs: 49d26e38578c1e602013e6a83bc4e515 -> 
  custom:video-encoder-webm-vp8: eb34c28f22e8b96e1ab97ce403110664 -> 
  custom:audio-decoder-ogg-vorbis: bf7c407c2cedff20999df2af8eb42d56 -> 
  custom:audio-encoder-webm-vorbis: bf7c407c2cedff20999df2af8eb42d56 -> 
  custom:scripting/precompiled-assembly-types:Assembly-CSharp: fc6aa3de6f4e1b18cce3b1080e236c06 -> 4c5b523d8f1eb9c015508154981ab5e0
========================================================================
Received Prepare
Caller must complete domain reload
Begin MonoManager ReloadAssembly
- Loaded All Assemblies, in  0.499 seconds
Native extension for WindowsStandalone target not found
Native extension for Android target not found
Mono: successfully reloaded assembly
- Finished resetting the current domain, in  1.213 seconds
Domain Reload Profiling: 1705ms
	BeginReloadAssembly (161ms)
		ExecutionOrderSort (0ms)
		DisableScriptedObjects (10ms)
		BackupInstance (0ms)
		ReleaseScriptingObjects (0ms)
		CreateAndSetChildDomain (34ms)
	RebuildCommonClasses (37ms)
	RebuildNativeTypeToScriptingClass (10ms)
	initialDomainReloadingComplete (34ms)
	LoadAllAssembliesAndSetupDomain (251ms)
		LoadAssemblies (325ms)
		RebuildTransferFunctionScriptingTraits (0ms)
		AnalyzeDomain (13ms)
			TypeCache.Refresh (5ms)
				TypeCache.ScanAssembly (0ms)
			ScanForSourceGeneratedMonoScriptInfo (0ms)
			ResolveRequiredComponents (6ms)
	FinalizeReload (1213ms)
		ReleaseScriptCaches (0ms)
		RebuildScriptCaches (0ms)
		SetupLoadedEditorAssemblies (416ms)
			LogAssemblyErrors (0ms)
			InitializePlatformSupportModulesInManaged (20ms)
			SetLoadedEditorAssemblies (3ms)
			RefreshPlugins (0ms)
			BeforeProcessingInitializeOnLoad (74ms)
			ProcessInitializeOnLoadAttributes (273ms)
			ProcessInitializeOnLoadMethodAttributes (34ms)
			AfterProcessingInitializeOnLoad (11ms)
			EditorAssembliesLoaded (0ms)
		ExecutionOrderSort2 (0ms)
		AwakeInstancesAfterBackupRestoration (17ms)
Refreshing native plugins compatible for Editor in 8.05 ms, found 4 plugins.
Preloading 0 native plugins for Editor in 0.00 ms.
Unloading 4049 Unused Serialized files (Serialized files now loaded: 0)
Unloading 19 unused Assets / (31.2 KB). Loaded Objects now: 4693.
Memory consumption went from 144.5 MB to 144.5 MB.
Total: 3.338900 ms (FindLiveObjects: 0.284600 ms CreateObjectMapping: 0.257700 ms MarkObjects: 2.758000 ms  DeleteObjects: 0.037800 ms)

Prepare: number of updated asset objects reloaded= 0
AssetImportParameters requested are different than current active one (requested -> active):
  custom:container-demuxer-ogg: 62fdf1f143b41e24485cea50d1cbac27 -> 
  custom:scripting/monoscript/fileName/GameManager.cs: 9933fbcc6190e2a9171c2ec8808a053e -> 
  custom:video-codec-MediaFoundation-h265: 746d11721c4dcdbdad8f713fa42b33f4 -> 
  custom:scripting/monoscript/fileName/StartDateManager.cs: 6b4b0b54107f235cc8d098251a9f60a7 -> 
  custom:video-decoder-ogg-theora: a1e56fd34408186e4bbccfd4996cb3dc -> 
  custom:framework-win-MediaFoundation: 216162199b28c13a410421893ffa2e32 -> 
  custom:CustomObjectIndexerAttribute: 9a22284fe3817be447336de3de66b15e -> 
  custom:container-demuxer-webm: 4f35f7cbe854078d1ac9338744f61a02 -> 
  custom:container-muxer-webm: aa71ff27fc2769a1b78a27578f13a17b -> 
  custom:video-decoder-webm-vp8: 9c59270c3fd7afecdb556c50c9e8de78 -> 
  custom:SearchIndexIgnoredProperties: e643bd26f0fe6173181afceb89e7c659 -> 
  custom:AudioImporter_EditorPlatform: d09bf68614088b80899f8185d706f6e7 -> 
  custom:scripting/monoscript/fileName/RankPage.cs: 49d26e38578c1e602013e6a83bc4e515 -> 
  custom:video-encoder-webm-vp8: eb34c28f22e8b96e1ab97ce403110664 -> 
  custom:audio-decoder-ogg-vorbis: bf7c407c2cedff20999df2af8eb42d56 -> 
  custom:audio-encoder-webm-vorbis: bf7c407c2cedff20999df2af8eb42d56 -> 
  custom:scripting/precompiled-assembly-types:Assembly-CSharp: fc6aa3de6f4e1b18cce3b1080e236c06 -> 4c5b523d8f1eb9c015508154981ab5e0
========================================================================
Received Prepare
Caller must complete domain reload
Begin MonoManager ReloadAssembly
- Loaded All Assemblies, in  0.490 seconds
Native extension for WindowsStandalone target not found
Native extension for Android target not found
Mono: successfully reloaded assembly
- Finished resetting the current domain, in  1.345 seconds
Domain Reload Profiling: 1830ms
	BeginReloadAssembly (157ms)
		ExecutionOrderSort (0ms)
		DisableScriptedObjects (10ms)
		BackupInstance (0ms)
		ReleaseScriptingObjects (0ms)
		CreateAndSetChildDomain (28ms)
	RebuildCommonClasses (30ms)
	RebuildNativeTypeToScriptingClass (10ms)
	initialDomainReloadingComplete (39ms)
	LoadAllAssembliesAndSetupDomain (248ms)
		LoadAssemblies (324ms)
		RebuildTransferFunctionScriptingTraits (0ms)
		AnalyzeDomain (13ms)
			TypeCache.Refresh (5ms)
				TypeCache.ScanAssembly (0ms)
			ScanForSourceGeneratedMonoScriptInfo (0ms)
			ResolveRequiredComponents (6ms)
	FinalizeReload (1346ms)
		ReleaseScriptCaches (0ms)
		RebuildScriptCaches (0ms)
		SetupLoadedEditorAssemblies (461ms)
			LogAssemblyErrors (0ms)
			InitializePlatformSupportModulesInManaged (23ms)
			SetLoadedEditorAssemblies (5ms)
			RefreshPlugins (0ms)
			BeforeProcessingInitializeOnLoad (94ms)
			ProcessInitializeOnLoadAttributes (285ms)
			ProcessInitializeOnLoadMethodAttributes (37ms)
			AfterProcessingInitializeOnLoad (17ms)
			EditorAssembliesLoaded (0ms)
		ExecutionOrderSort2 (0ms)
		AwakeInstancesAfterBackupRestoration (19ms)
Refreshing native plugins compatible for Editor in 10.42 ms, found 4 plugins.
Preloading 0 native plugins for Editor in 0.00 ms.
Unloading 4049 Unused Serialized files (Serialized files now loaded: 0)
Unloading 19 unused Assets / (31.2 KB). Loaded Objects now: 4697.
Memory consumption went from 144.5 MB to 144.5 MB.
Total: 3.980100 ms (FindLiveObjects: 0.478800 ms CreateObjectMapping: 0.281700 ms MarkObjects: 3.162400 ms  DeleteObjects: 0.056500 ms)

Prepare: number of updated asset objects reloaded= 0
AssetImportParameters requested are different than current active one (requested -> active):
  custom:container-demuxer-ogg: 62fdf1f143b41e24485cea50d1cbac27 -> 
  custom:scripting/monoscript/fileName/GameManager.cs: 9933fbcc6190e2a9171c2ec8808a053e -> 
  custom:video-codec-MediaFoundation-h265: 746d11721c4dcdbdad8f713fa42b33f4 -> 
  custom:scripting/monoscript/fileName/StartDateManager.cs: 6b4b0b54107f235cc8d098251a9f60a7 -> 
  custom:video-decoder-ogg-theora: a1e56fd34408186e4bbccfd4996cb3dc -> 
  custom:framework-win-MediaFoundation: 216162199b28c13a410421893ffa2e32 -> 
  custom:CustomObjectIndexerAttribute: 9a22284fe3817be447336de3de66b15e -> 
  custom:container-demuxer-webm: 4f35f7cbe854078d1ac9338744f61a02 -> 
  custom:container-muxer-webm: aa71ff27fc2769a1b78a27578f13a17b -> 
  custom:video-decoder-webm-vp8: 9c59270c3fd7afecdb556c50c9e8de78 -> 
  custom:SearchIndexIgnoredProperties: e643bd26f0fe6173181afceb89e7c659 -> 
  custom:AudioImporter_EditorPlatform: d09bf68614088b80899f8185d706f6e7 -> 
  custom:scripting/monoscript/fileName/RankPage.cs: 49d26e38578c1e602013e6a83bc4e515 -> 
  custom:video-encoder-webm-vp8: eb34c28f22e8b96e1ab97ce403110664 -> 
  custom:audio-decoder-ogg-vorbis: bf7c407c2cedff20999df2af8eb42d56 -> 
  custom:audio-encoder-webm-vorbis: bf7c407c2cedff20999df2af8eb42d56 -> 
  custom:scripting/precompiled-assembly-types:Assembly-CSharp: fc6aa3de6f4e1b18cce3b1080e236c06 -> 4c5b523d8f1eb9c015508154981ab5e0
========================================================================
Received Prepare
Caller must complete domain reload
Begin MonoManager ReloadAssembly
- Loaded All Assemblies, in  0.501 seconds
Native extension for WindowsStandalone target not found
Native extension for Android target not found
Mono: successfully reloaded assembly
- Finished resetting the current domain, in  1.349 seconds
Domain Reload Profiling: 1845ms
	BeginReloadAssembly (162ms)
		ExecutionOrderSort (0ms)
		DisableScriptedObjects (10ms)
		BackupInstance (0ms)
		ReleaseScriptingObjects (0ms)
		CreateAndSetChildDomain (30ms)
	RebuildCommonClasses (30ms)
	RebuildNativeTypeToScriptingClass (10ms)
	initialDomainReloadingComplete (32ms)
	LoadAllAssembliesAndSetupDomain (261ms)
		LoadAssemblies (339ms)
		RebuildTransferFunctionScriptingTraits (0ms)
		AnalyzeDomain (12ms)
			TypeCache.Refresh (5ms)
				TypeCache.ScanAssembly (0ms)
			ScanForSourceGeneratedMonoScriptInfo (0ms)
			ResolveRequiredComponents (6ms)
	FinalizeReload (1350ms)
		ReleaseScriptCaches (0ms)
		RebuildScriptCaches (0ms)
		SetupLoadedEditorAssemblies (469ms)
			LogAssemblyErrors (0ms)
			InitializePlatformSupportModulesInManaged (22ms)
			SetLoadedEditorAssemblies (3ms)
			RefreshPlugins (0ms)
			BeforeProcessingInitializeOnLoad (85ms)
			ProcessInitializeOnLoadAttributes (311ms)
			ProcessInitializeOnLoadMethodAttributes (34ms)
			AfterProcessingInitializeOnLoad (13ms)
			EditorAssembliesLoaded (0ms)
		ExecutionOrderSort2 (0ms)
		AwakeInstancesAfterBackupRestoration (16ms)
Refreshing native plugins compatible for Editor in 10.63 ms, found 4 plugins.
Preloading 0 native plugins for Editor in 0.00 ms.
Unloading 4049 Unused Serialized files (Serialized files now loaded: 0)
Unloading 19 unused Assets / (31.2 KB). Loaded Objects now: 4701.
Memory consumption went from 144.5 MB to 144.5 MB.
Total: 2.878200 ms (FindLiveObjects: 0.288400 ms CreateObjectMapping: 0.227500 ms MarkObjects: 2.300000 ms  DeleteObjects: 0.061600 ms)

Prepare: number of updated asset objects reloaded= 0
AssetImportParameters requested are different than current active one (requested -> active):
  custom:container-demuxer-ogg: 62fdf1f143b41e24485cea50d1cbac27 -> 
  custom:scripting/monoscript/fileName/GameManager.cs: 9933fbcc6190e2a9171c2ec8808a053e -> 
  custom:video-codec-MediaFoundation-h265: 746d11721c4dcdbdad8f713fa42b33f4 -> 
  custom:scripting/monoscript/fileName/StartDateManager.cs: 6b4b0b54107f235cc8d098251a9f60a7 -> 
  custom:video-decoder-ogg-theora: a1e56fd34408186e4bbccfd4996cb3dc -> 
  custom:framework-win-MediaFoundation: 216162199b28c13a410421893ffa2e32 -> 
  custom:CustomObjectIndexerAttribute: 9a22284fe3817be447336de3de66b15e -> 
  custom:container-demuxer-webm: 4f35f7cbe854078d1ac9338744f61a02 -> 
  custom:container-muxer-webm: aa71ff27fc2769a1b78a27578f13a17b -> 
  custom:video-decoder-webm-vp8: 9c59270c3fd7afecdb556c50c9e8de78 -> 
  custom:SearchIndexIgnoredProperties: e643bd26f0fe6173181afceb89e7c659 -> 
  custom:AudioImporter_EditorPlatform: d09bf68614088b80899f8185d706f6e7 -> 
  custom:scripting/monoscript/fileName/RankPage.cs: 49d26e38578c1e602013e6a83bc4e515 -> 
  custom:video-encoder-webm-vp8: eb34c28f22e8b96e1ab97ce403110664 -> 
  custom:audio-decoder-ogg-vorbis: bf7c407c2cedff20999df2af8eb42d56 -> 
  custom:audio-encoder-webm-vorbis: bf7c407c2cedff20999df2af8eb42d56 -> 
  custom:scripting/precompiled-assembly-types:Assembly-CSharp: fc6aa3de6f4e1b18cce3b1080e236c06 -> 4c5b523d8f1eb9c015508154981ab5e0
========================================================================
Received Prepare
Caller must complete domain reload
Begin MonoManager ReloadAssembly
- Loaded All Assemblies, in  0.512 seconds
Native extension for WindowsStandalone target not found
Native extension for Android target not found
Mono: successfully reloaded assembly
- Finished resetting the current domain, in  1.195 seconds
Domain Reload Profiling: 1700ms
	BeginReloadAssembly (170ms)
		ExecutionOrderSort (0ms)
		DisableScriptedObjects (10ms)
		BackupInstance (0ms)
		ReleaseScriptingObjects (0ms)
		CreateAndSetChildDomain (29ms)
	RebuildCommonClasses (31ms)
	RebuildNativeTypeToScriptingClass (10ms)
	initialDomainReloadingComplete (38ms)
	LoadAllAssembliesAndSetupDomain (255ms)
		LoadAssemblies (343ms)
		RebuildTransferFunctionScriptingTraits (0ms)
		AnalyzeDomain (13ms)
			TypeCache.Refresh (5ms)
				TypeCache.ScanAssembly (0ms)
			ScanForSourceGeneratedMonoScriptInfo (0ms)
			ResolveRequiredComponents (6ms)
	FinalizeReload (1196ms)
		ReleaseScriptCaches (0ms)
		RebuildScriptCaches (0ms)
		SetupLoadedEditorAssemblies (428ms)
			LogAssemblyErrors (0ms)
			InitializePlatformSupportModulesInManaged (19ms)
			SetLoadedEditorAssemblies (5ms)
			RefreshPlugins (0ms)
			BeforeProcessingInitializeOnLoad (82ms)
			ProcessInitializeOnLoadAttributes (280ms)
			ProcessInitializeOnLoadMethodAttributes (31ms)
			AfterProcessingInitializeOnLoad (11ms)
			EditorAssembliesLoaded (0ms)
		ExecutionOrderSort2 (0ms)
		AwakeInstancesAfterBackupRestoration (14ms)
Refreshing native plugins compatible for Editor in 8.03 ms, found 4 plugins.
Preloading 0 native plugins for Editor in 0.00 ms.
Unloading 4049 Unused Serialized files (Serialized files now loaded: 0)
Unloading 19 unused Assets / (31.2 KB). Loaded Objects now: 4705.
Memory consumption went from 144.5 MB to 144.5 MB.
Total: 2.910500 ms (FindLiveObjects: 0.289200 ms CreateObjectMapping: 0.244400 ms MarkObjects: 2.339500 ms  DeleteObjects: 0.036800 ms)

Prepare: number of updated asset objects reloaded= 0
AssetImportParameters requested are different than current active one (requested -> active):
  custom:container-demuxer-ogg: 62fdf1f143b41e24485cea50d1cbac27 -> 
  custom:scripting/monoscript/fileName/GameManager.cs: 9933fbcc6190e2a9171c2ec8808a053e -> 
  custom:video-codec-MediaFoundation-h265: 746d11721c4dcdbdad8f713fa42b33f4 -> 
  custom:scripting/monoscript/fileName/StartDateManager.cs: 6b4b0b54107f235cc8d098251a9f60a7 -> 
  custom:video-decoder-ogg-theora: a1e56fd34408186e4bbccfd4996cb3dc -> 
  custom:framework-win-MediaFoundation: 216162199b28c13a410421893ffa2e32 -> 
  custom:CustomObjectIndexerAttribute: 9a22284fe3817be447336de3de66b15e -> 
  custom:container-demuxer-webm: 4f35f7cbe854078d1ac9338744f61a02 -> 
  custom:container-muxer-webm: aa71ff27fc2769a1b78a27578f13a17b -> 
  custom:video-decoder-webm-vp8: 9c59270c3fd7afecdb556c50c9e8de78 -> 
  custom:SearchIndexIgnoredProperties: e643bd26f0fe6173181afceb89e7c659 -> 
  custom:AudioImporter_EditorPlatform: d09bf68614088b80899f8185d706f6e7 -> 
  custom:scripting/monoscript/fileName/RankPage.cs: 49d26e38578c1e602013e6a83bc4e515 -> 
  custom:video-encoder-webm-vp8: eb34c28f22e8b96e1ab97ce403110664 -> 
  custom:audio-decoder-ogg-vorbis: bf7c407c2cedff20999df2af8eb42d56 -> 
  custom:audio-encoder-webm-vorbis: bf7c407c2cedff20999df2af8eb42d56 -> 
  custom:scripting/precompiled-assembly-types:Assembly-CSharp: fc6aa3de6f4e1b18cce3b1080e236c06 -> 4c5b523d8f1eb9c015508154981ab5e0
========================================================================
Received Prepare
Caller must complete domain reload
Begin MonoManager ReloadAssembly
- Loaded All Assemblies, in  0.477 seconds
Native extension for WindowsStandalone target not found
Native extension for Android target not found
Mono: successfully reloaded assembly
- Finished resetting the current domain, in  1.193 seconds
Domain Reload Profiling: 1665ms
	BeginReloadAssembly (155ms)
		ExecutionOrderSort (0ms)
		DisableScriptedObjects (10ms)
		BackupInstance (0ms)
		ReleaseScriptingObjects (0ms)
		CreateAndSetChildDomain (28ms)
	RebuildCommonClasses (29ms)
	RebuildNativeTypeToScriptingClass (10ms)
	initialDomainReloadingComplete (33ms)
	LoadAllAssembliesAndSetupDomain (244ms)
		LoadAssemblies (319ms)
		RebuildTransferFunctionScriptingTraits (0ms)
		AnalyzeDomain (13ms)
			TypeCache.Refresh (5ms)
				TypeCache.ScanAssembly (0ms)
			ScanForSourceGeneratedMonoScriptInfo (0ms)
			ResolveRequiredComponents (6ms)
	FinalizeReload (1194ms)
		ReleaseScriptCaches (0ms)
		RebuildScriptCaches (0ms)
		SetupLoadedEditorAssemblies (410ms)
			LogAssemblyErrors (0ms)
			InitializePlatformSupportModulesInManaged (19ms)
			SetLoadedEditorAssemblies (5ms)
			RefreshPlugins (0ms)
			BeforeProcessingInitializeOnLoad (81ms)
			ProcessInitializeOnLoadAttributes (265ms)
			ProcessInitializeOnLoadMethodAttributes (29ms)
			AfterProcessingInitializeOnLoad (11ms)
			EditorAssembliesLoaded (0ms)
		ExecutionOrderSort2 (0ms)
		AwakeInstancesAfterBackupRestoration (15ms)
Refreshing native plugins compatible for Editor in 8.96 ms, found 4 plugins.
Preloading 0 native plugins for Editor in 0.00 ms.
Unloading 4049 Unused Serialized files (Serialized files now loaded: 0)
Unloading 19 unused Assets / (31.2 KB). Loaded Objects now: 4709.
Memory consumption went from 144.5 MB to 144.5 MB.
Total: 3.266700 ms (FindLiveObjects: 0.281000 ms CreateObjectMapping: 0.203400 ms MarkObjects: 2.745300 ms  DeleteObjects: 0.036300 ms)

Prepare: number of updated asset objects reloaded= 0
AssetImportParameters requested are different than current active one (requested -> active):
  custom:container-demuxer-ogg: 62fdf1f143b41e24485cea50d1cbac27 -> 
  custom:scripting/monoscript/fileName/GameManager.cs: 9933fbcc6190e2a9171c2ec8808a053e -> 
  custom:video-codec-MediaFoundation-h265: 746d11721c4dcdbdad8f713fa42b33f4 -> 
  custom:scripting/monoscript/fileName/StartDateManager.cs: 6b4b0b54107f235cc8d098251a9f60a7 -> 
  custom:video-decoder-ogg-theora: a1e56fd34408186e4bbccfd4996cb3dc -> 
  custom:framework-win-MediaFoundation: 216162199b28c13a410421893ffa2e32 -> 
  custom:CustomObjectIndexerAttribute: 9a22284fe3817be447336de3de66b15e -> 
  custom:container-demuxer-webm: 4f35f7cbe854078d1ac9338744f61a02 -> 
  custom:container-muxer-webm: aa71ff27fc2769a1b78a27578f13a17b -> 
  custom:video-decoder-webm-vp8: 9c59270c3fd7afecdb556c50c9e8de78 -> 
  custom:SearchIndexIgnoredProperties: e643bd26f0fe6173181afceb89e7c659 -> 
  custom:AudioImporter_EditorPlatform: d09bf68614088b80899f8185d706f6e7 -> 
  custom:scripting/monoscript/fileName/RankPage.cs: 49d26e38578c1e602013e6a83bc4e515 -> 
  custom:video-encoder-webm-vp8: eb34c28f22e8b96e1ab97ce403110664 -> 
  custom:audio-decoder-ogg-vorbis: bf7c407c2cedff20999df2af8eb42d56 -> 
  custom:audio-encoder-webm-vorbis: bf7c407c2cedff20999df2af8eb42d56 -> 
  custom:scripting/precompiled-assembly-types:Assembly-CSharp: fc6aa3de6f4e1b18cce3b1080e236c06 -> 4c5b523d8f1eb9c015508154981ab5e0
========================================================================
Received Prepare
Caller must complete domain reload
Begin MonoManager ReloadAssembly
- Loaded All Assemblies, in  0.495 seconds
Native extension for WindowsStandalone target not found
Native extension for Android target not found
Mono: successfully reloaded assembly
- Finished resetting the current domain, in  1.212 seconds
Domain Reload Profiling: 1701ms
	BeginReloadAssembly (158ms)
		ExecutionOrderSort (0ms)
		DisableScriptedObjects (10ms)
		BackupInstance (0ms)
		ReleaseScriptingObjects (0ms)
		CreateAndSetChildDomain (28ms)
	RebuildCommonClasses (32ms)
	RebuildNativeTypeToScriptingClass (10ms)
	initialDomainReloadingComplete (34ms)
	LoadAllAssembliesAndSetupDomain (255ms)
		LoadAssemblies (332ms)
		RebuildTransferFunctionScriptingTraits (0ms)
		AnalyzeDomain (13ms)
			TypeCache.Refresh (5ms)
				TypeCache.ScanAssembly (0ms)
			ScanForSourceGeneratedMonoScriptInfo (0ms)
			ResolveRequiredComponents (6ms)
	FinalizeReload (1213ms)
		ReleaseScriptCaches (0ms)
		RebuildScriptCaches (0ms)
		SetupLoadedEditorAssemblies (425ms)
			LogAssemblyErrors (0ms)
			InitializePlatformSupportModulesInManaged (21ms)
			SetLoadedEditorAssemblies (5ms)
			RefreshPlugins (0ms)
			BeforeProcessingInitializeOnLoad (82ms)
			ProcessInitializeOnLoadAttributes (276ms)
			ProcessInitializeOnLoadMethodAttributes (30ms)
			AfterProcessingInitializeOnLoad (11ms)
			EditorAssembliesLoaded (0ms)
		ExecutionOrderSort2 (0ms)
		AwakeInstancesAfterBackupRestoration (14ms)
Refreshing native plugins compatible for Editor in 8.44 ms, found 4 plugins.
Preloading 0 native plugins for Editor in 0.00 ms.
Unloading 4049 Unused Serialized files (Serialized files now loaded: 0)
Unloading 19 unused Assets / (31.2 KB). Loaded Objects now: 4713.
Memory consumption went from 144.5 MB to 144.5 MB.
Total: 3.141100 ms (FindLiveObjects: 0.282600 ms CreateObjectMapping: 0.199000 ms MarkObjects: 2.623300 ms  DeleteObjects: 0.035700 ms)

Prepare: number of updated asset objects reloaded= 0
AssetImportParameters requested are different than current active one (requested -> active):
  custom:container-demuxer-ogg: 62fdf1f143b41e24485cea50d1cbac27 -> 
  custom:scripting/monoscript/fileName/GameManager.cs: 9933fbcc6190e2a9171c2ec8808a053e -> 
  custom:video-codec-MediaFoundation-h265: 746d11721c4dcdbdad8f713fa42b33f4 -> 
  custom:scripting/monoscript/fileName/StartDateManager.cs: 6b4b0b54107f235cc8d098251a9f60a7 -> 
  custom:video-decoder-ogg-theora: a1e56fd34408186e4bbccfd4996cb3dc -> 
  custom:framework-win-MediaFoundation: 216162199b28c13a410421893ffa2e32 -> 
  custom:CustomObjectIndexerAttribute: 9a22284fe3817be447336de3de66b15e -> 
  custom:container-demuxer-webm: 4f35f7cbe854078d1ac9338744f61a02 -> 
  custom:container-muxer-webm: aa71ff27fc2769a1b78a27578f13a17b -> 
  custom:video-decoder-webm-vp8: 9c59270c3fd7afecdb556c50c9e8de78 -> 
  custom:SearchIndexIgnoredProperties: e643bd26f0fe6173181afceb89e7c659 -> 
  custom:AudioImporter_EditorPlatform: d09bf68614088b80899f8185d706f6e7 -> 
  custom:scripting/monoscript/fileName/RankPage.cs: 49d26e38578c1e602013e6a83bc4e515 -> 
  custom:video-encoder-webm-vp8: eb34c28f22e8b96e1ab97ce403110664 -> 
  custom:audio-decoder-ogg-vorbis: bf7c407c2cedff20999df2af8eb42d56 -> 
  custom:audio-encoder-webm-vorbis: bf7c407c2cedff20999df2af8eb42d56 -> 
  custom:scripting/precompiled-assembly-types:Assembly-CSharp: fc6aa3de6f4e1b18cce3b1080e236c06 -> 4c5b523d8f1eb9c015508154981ab5e0
========================================================================
Received Prepare
Caller must complete domain reload
Begin MonoManager ReloadAssembly
- Loaded All Assemblies, in  0.498 seconds
Native extension for WindowsStandalone target not found
Native extension for Android target not found
Mono: successfully reloaded assembly
- Finished resetting the current domain, in  1.256 seconds
Domain Reload Profiling: 1748ms
	BeginReloadAssembly (160ms)
		ExecutionOrderSort (0ms)
		DisableScriptedObjects (11ms)
		BackupInstance (0ms)
		ReleaseScriptingObjects (0ms)
		CreateAndSetChildDomain (27ms)
	RebuildCommonClasses (30ms)
	RebuildNativeTypeToScriptingClass (11ms)
	initialDomainReloadingComplete (33ms)
	LoadAllAssembliesAndSetupDomain (258ms)
		LoadAssemblies (337ms)
		RebuildTransferFunctionScriptingTraits (0ms)
		AnalyzeDomain (13ms)
			TypeCache.Refresh (5ms)
				TypeCache.ScanAssembly (0ms)
			ScanForSourceGeneratedMonoScriptInfo (0ms)
			ResolveRequiredComponents (6ms)
	FinalizeReload (1256ms)
		ReleaseScriptCaches (0ms)
		RebuildScriptCaches (0ms)
		SetupLoadedEditorAssemblies (407ms)
			LogAssemblyErrors (0ms)
			InitializePlatformSupportModulesInManaged (24ms)
			SetLoadedEditorAssemblies (4ms)
			RefreshPlugins (0ms)
			BeforeProcessingInitializeOnLoad (80ms)
			ProcessInitializeOnLoadAttributes (258ms)
			ProcessInitializeOnLoadMethodAttributes (29ms)
			AfterProcessingInitializeOnLoad (11ms)
			EditorAssembliesLoaded (0ms)
		ExecutionOrderSort2 (0ms)
		AwakeInstancesAfterBackupRestoration (14ms)
Refreshing native plugins compatible for Editor in 8.27 ms, found 4 plugins.
Preloading 0 native plugins for Editor in 0.00 ms.
Unloading 4049 Unused Serialized files (Serialized files now loaded: 0)
Unloading 19 unused Assets / (31.2 KB). Loaded Objects now: 4717.
Memory consumption went from 144.5 MB to 144.5 MB.
Total: 3.134400 ms (FindLiveObjects: 0.307100 ms CreateObjectMapping: 0.235000 ms MarkObjects: 2.532400 ms  DeleteObjects: 0.059100 ms)

Prepare: number of updated asset objects reloaded= 0
AssetImportParameters requested are different than current active one (requested -> active):
  custom:container-demuxer-ogg: 62fdf1f143b41e24485cea50d1cbac27 -> 
  custom:scripting/monoscript/fileName/GameManager.cs: 9933fbcc6190e2a9171c2ec8808a053e -> 
  custom:video-codec-MediaFoundation-h265: 746d11721c4dcdbdad8f713fa42b33f4 -> 
  custom:scripting/monoscript/fileName/StartDateManager.cs: 6b4b0b54107f235cc8d098251a9f60a7 -> 
  custom:video-decoder-ogg-theora: a1e56fd34408186e4bbccfd4996cb3dc -> 
  custom:framework-win-MediaFoundation: 216162199b28c13a410421893ffa2e32 -> 
  custom:CustomObjectIndexerAttribute: 9a22284fe3817be447336de3de66b15e -> 
  custom:container-demuxer-webm: 4f35f7cbe854078d1ac9338744f61a02 -> 
  custom:container-muxer-webm: aa71ff27fc2769a1b78a27578f13a17b -> 
  custom:video-decoder-webm-vp8: 9c59270c3fd7afecdb556c50c9e8de78 -> 
  custom:SearchIndexIgnoredProperties: e643bd26f0fe6173181afceb89e7c659 -> 
  custom:AudioImporter_EditorPlatform: d09bf68614088b80899f8185d706f6e7 -> 
  custom:scripting/monoscript/fileName/RankPage.cs: 49d26e38578c1e602013e6a83bc4e515 -> 
  custom:video-encoder-webm-vp8: eb34c28f22e8b96e1ab97ce403110664 -> 
  custom:audio-decoder-ogg-vorbis: bf7c407c2cedff20999df2af8eb42d56 -> 
  custom:audio-encoder-webm-vorbis: bf7c407c2cedff20999df2af8eb42d56 -> 
  custom:scripting/precompiled-assembly-types:Assembly-CSharp: fc6aa3de6f4e1b18cce3b1080e236c06 -> 4c5b523d8f1eb9c015508154981ab5e0
========================================================================
Received Prepare
Caller must complete domain reload
Begin MonoManager ReloadAssembly
- Loaded All Assemblies, in  0.514 seconds
Native extension for WindowsStandalone target not found
Native extension for Android target not found
Mono: successfully reloaded assembly
- Finished resetting the current domain, in  1.221 seconds
Domain Reload Profiling: 1728ms
	BeginReloadAssembly (169ms)
		ExecutionOrderSort (0ms)
		DisableScriptedObjects (10ms)
		BackupInstance (0ms)
		ReleaseScriptingObjects (0ms)
		CreateAndSetChildDomain (29ms)
	RebuildCommonClasses (43ms)
	RebuildNativeTypeToScriptingClass (10ms)
	initialDomainReloadingComplete (33ms)
	LoadAllAssembliesAndSetupDomain (252ms)
		LoadAssemblies (339ms)
		RebuildTransferFunctionScriptingTraits (0ms)
		AnalyzeDomain (13ms)
			TypeCache.Refresh (5ms)
				TypeCache.ScanAssembly (0ms)
			ScanForSourceGeneratedMonoScriptInfo (0ms)
			ResolveRequiredComponents (6ms)
	FinalizeReload (1221ms)
		ReleaseScriptCaches (0ms)
		RebuildScriptCaches (0ms)
		SetupLoadedEditorAssemblies (433ms)
			LogAssemblyErrors (0ms)
			InitializePlatformSupportModulesInManaged (20ms)
			SetLoadedEditorAssemblies (4ms)
			RefreshPlugins (0ms)
			BeforeProcessingInitializeOnLoad (75ms)
			ProcessInitializeOnLoadAttributes (283ms)
			ProcessInitializeOnLoadMethodAttributes (30ms)
			AfterProcessingInitializeOnLoad (21ms)
			EditorAssembliesLoaded (0ms)
		ExecutionOrderSort2 (0ms)
		AwakeInstancesAfterBackupRestoration (14ms)
Refreshing native plugins compatible for Editor in 8.42 ms, found 4 plugins.
Preloading 0 native plugins for Editor in 0.00 ms.
Unloading 4049 Unused Serialized files (Serialized files now loaded: 0)
Unloading 19 unused Assets / (31.2 KB). Loaded Objects now: 4721.
Memory consumption went from 144.5 MB to 144.5 MB.
Total: 3.224700 ms (FindLiveObjects: 0.282600 ms CreateObjectMapping: 0.211700 ms MarkObjects: 2.690200 ms  DeleteObjects: 0.039400 ms)

Prepare: number of updated asset objects reloaded= 0
AssetImportParameters requested are different than current active one (requested -> active):
  custom:container-demuxer-ogg: 62fdf1f143b41e24485cea50d1cbac27 -> 
  custom:scripting/monoscript/fileName/GameManager.cs: 9933fbcc6190e2a9171c2ec8808a053e -> 
  custom:video-codec-MediaFoundation-h265: 746d11721c4dcdbdad8f713fa42b33f4 -> 
  custom:scripting/monoscript/fileName/StartDateManager.cs: 6b4b0b54107f235cc8d098251a9f60a7 -> 
  custom:video-decoder-ogg-theora: a1e56fd34408186e4bbccfd4996cb3dc -> 
  custom:framework-win-MediaFoundation: 216162199b28c13a410421893ffa2e32 -> 
  custom:CustomObjectIndexerAttribute: 9a22284fe3817be447336de3de66b15e -> 
  custom:container-demuxer-webm: 4f35f7cbe854078d1ac9338744f61a02 -> 
  custom:container-muxer-webm: aa71ff27fc2769a1b78a27578f13a17b -> 
  custom:video-decoder-webm-vp8: 9c59270c3fd7afecdb556c50c9e8de78 -> 
  custom:SearchIndexIgnoredProperties: e643bd26f0fe6173181afceb89e7c659 -> 
  custom:AudioImporter_EditorPlatform: d09bf68614088b80899f8185d706f6e7 -> 
  custom:scripting/monoscript/fileName/RankPage.cs: 49d26e38578c1e602013e6a83bc4e515 -> 
  custom:video-encoder-webm-vp8: eb34c28f22e8b96e1ab97ce403110664 -> 
  custom:audio-decoder-ogg-vorbis: bf7c407c2cedff20999df2af8eb42d56 -> 
  custom:audio-encoder-webm-vorbis: bf7c407c2cedff20999df2af8eb42d56 -> 
  custom:scripting/precompiled-assembly-types:Assembly-CSharp: fc6aa3de6f4e1b18cce3b1080e236c06 -> 4c5b523d8f1eb9c015508154981ab5e0
========================================================================
Received Prepare
Caller must complete domain reload
Begin MonoManager ReloadAssembly
- Loaded All Assemblies, in  0.479 seconds
Native extension for WindowsStandalone target not found
Native extension for Android target not found
Mono: successfully reloaded assembly
- Finished resetting the current domain, in  1.272 seconds
Domain Reload Profiling: 1746ms
	BeginReloadAssembly (154ms)
		ExecutionOrderSort (0ms)
		DisableScriptedObjects (10ms)
		BackupInstance (0ms)
		ReleaseScriptingObjects (0ms)
		CreateAndSetChildDomain (25ms)
	RebuildCommonClasses (30ms)
	RebuildNativeTypeToScriptingClass (10ms)
	initialDomainReloadingComplete (34ms)
	LoadAllAssembliesAndSetupDomain (246ms)
		LoadAssemblies (321ms)
		RebuildTransferFunctionScriptingTraits (0ms)
		AnalyzeDomain (14ms)
			TypeCache.Refresh (5ms)
				TypeCache.ScanAssembly (0ms)
			ScanForSourceGeneratedMonoScriptInfo (0ms)
			ResolveRequiredComponents (6ms)
	FinalizeReload (1272ms)
		ReleaseScriptCaches (0ms)
		RebuildScriptCaches (0ms)
		SetupLoadedEditorAssemblies (433ms)
			LogAssemblyErrors (0ms)
			InitializePlatformSupportModulesInManaged (26ms)
			SetLoadedEditorAssemblies (6ms)
			RefreshPlugins (0ms)
			BeforeProcessingInitializeOnLoad (84ms)
			ProcessInitializeOnLoadAttributes (275ms)
			ProcessInitializeOnLoadMethodAttributes (30ms)
			AfterProcessingInitializeOnLoad (11ms)
			EditorAssembliesLoaded (0ms)
		ExecutionOrderSort2 (0ms)
		AwakeInstancesAfterBackupRestoration (15ms)
Refreshing native plugins compatible for Editor in 8.20 ms, found 4 plugins.
Preloading 0 native plugins for Editor in 0.00 ms.
Unloading 4049 Unused Serialized files (Serialized files now loaded: 0)
Unloading 19 unused Assets / (31.2 KB). Loaded Objects now: 4725.
Memory consumption went from 144.5 MB to 144.5 MB.
Total: 3.232000 ms (FindLiveObjects: 0.292700 ms CreateObjectMapping: 0.244500 ms MarkObjects: 2.656300 ms  DeleteObjects: 0.037800 ms)

Prepare: number of updated asset objects reloaded= 0
AssetImportParameters requested are different than current active one (requested -> active):
  custom:container-demuxer-ogg: 62fdf1f143b41e24485cea50d1cbac27 -> 
  custom:scripting/monoscript/fileName/GameManager.cs: 9933fbcc6190e2a9171c2ec8808a053e -> 
  custom:video-codec-MediaFoundation-h265: 746d11721c4dcdbdad8f713fa42b33f4 -> 
  custom:scripting/monoscript/fileName/StartDateManager.cs: 6b4b0b54107f235cc8d098251a9f60a7 -> 
  custom:video-decoder-ogg-theora: a1e56fd34408186e4bbccfd4996cb3dc -> 
  custom:framework-win-MediaFoundation: 216162199b28c13a410421893ffa2e32 -> 
  custom:CustomObjectIndexerAttribute: 9a22284fe3817be447336de3de66b15e -> 
  custom:container-demuxer-webm: 4f35f7cbe854078d1ac9338744f61a02 -> 
  custom:container-muxer-webm: aa71ff27fc2769a1b78a27578f13a17b -> 
  custom:video-decoder-webm-vp8: 9c59270c3fd7afecdb556c50c9e8de78 -> 
  custom:SearchIndexIgnoredProperties: e643bd26f0fe6173181afceb89e7c659 -> 
  custom:AudioImporter_EditorPlatform: d09bf68614088b80899f8185d706f6e7 -> 
  custom:scripting/monoscript/fileName/RankPage.cs: 49d26e38578c1e602013e6a83bc4e515 -> 
  custom:video-encoder-webm-vp8: eb34c28f22e8b96e1ab97ce403110664 -> 
  custom:audio-decoder-ogg-vorbis: bf7c407c2cedff20999df2af8eb42d56 -> 
  custom:audio-encoder-webm-vorbis: bf7c407c2cedff20999df2af8eb42d56 -> 
  custom:scripting/precompiled-assembly-types:Assembly-CSharp: fc6aa3de6f4e1b18cce3b1080e236c06 -> 4c5b523d8f1eb9c015508154981ab5e0
========================================================================
Received Prepare
Caller must complete domain reload
Begin MonoManager ReloadAssembly
- Loaded All Assemblies, in  0.496 seconds
Native extension for WindowsStandalone target not found
Native extension for Android target not found
Mono: successfully reloaded assembly
- Finished resetting the current domain, in  1.200 seconds
Domain Reload Profiling: 1691ms
	BeginReloadAssembly (168ms)
		ExecutionOrderSort (0ms)
		DisableScriptedObjects (10ms)
		BackupInstance (0ms)
		ReleaseScriptingObjects (0ms)
		CreateAndSetChildDomain (30ms)
	RebuildCommonClasses (31ms)
	RebuildNativeTypeToScriptingClass (10ms)
	initialDomainReloadingComplete (34ms)
	LoadAllAssembliesAndSetupDomain (247ms)
		LoadAssemblies (328ms)
		RebuildTransferFunctionScriptingTraits (0ms)
		AnalyzeDomain (13ms)
			TypeCache.Refresh (5ms)
				TypeCache.ScanAssembly (0ms)
			ScanForSourceGeneratedMonoScriptInfo (0ms)
			ResolveRequiredComponents (7ms)
	FinalizeReload (1201ms)
		ReleaseScriptCaches (0ms)
		RebuildScriptCaches (0ms)
		SetupLoadedEditorAssemblies (416ms)
			LogAssemblyErrors (0ms)
			InitializePlatformSupportModulesInManaged (21ms)
			SetLoadedEditorAssemblies (4ms)
			RefreshPlugins (0ms)
			BeforeProcessingInitializeOnLoad (74ms)
			ProcessInitializeOnLoadAttributes (276ms)
			ProcessInitializeOnLoadMethodAttributes (30ms)
			AfterProcessingInitializeOnLoad (11ms)
			EditorAssembliesLoaded (0ms)
		ExecutionOrderSort2 (0ms)
		AwakeInstancesAfterBackupRestoration (14ms)
Refreshing native plugins compatible for Editor in 8.01 ms, found 4 plugins.
Preloading 0 native plugins for Editor in 0.00 ms.
Unloading 4049 Unused Serialized files (Serialized files now loaded: 0)
Unloading 19 unused Assets / (31.3 KB). Loaded Objects now: 4729.
Memory consumption went from 144.5 MB to 144.5 MB.
Total: 3.177900 ms (FindLiveObjects: 0.289500 ms CreateObjectMapping: 0.203200 ms MarkObjects: 2.647800 ms  DeleteObjects: 0.036700 ms)

Prepare: number of updated asset objects reloaded= 0
AssetImportParameters requested are different than current active one (requested -> active):
  custom:container-demuxer-ogg: 62fdf1f143b41e24485cea50d1cbac27 -> 
  custom:scripting/monoscript/fileName/GameManager.cs: 9933fbcc6190e2a9171c2ec8808a053e -> 
  custom:video-codec-MediaFoundation-h265: 746d11721c4dcdbdad8f713fa42b33f4 -> 
  custom:scripting/monoscript/fileName/StartDateManager.cs: 6b4b0b54107f235cc8d098251a9f60a7 -> 
  custom:video-decoder-ogg-theora: a1e56fd34408186e4bbccfd4996cb3dc -> 
  custom:framework-win-MediaFoundation: 216162199b28c13a410421893ffa2e32 -> 
  custom:CustomObjectIndexerAttribute: 9a22284fe3817be447336de3de66b15e -> 
  custom:container-demuxer-webm: 4f35f7cbe854078d1ac9338744f61a02 -> 
  custom:container-muxer-webm: aa71ff27fc2769a1b78a27578f13a17b -> 
  custom:video-decoder-webm-vp8: 9c59270c3fd7afecdb556c50c9e8de78 -> 
  custom:SearchIndexIgnoredProperties: e643bd26f0fe6173181afceb89e7c659 -> 
  custom:AudioImporter_EditorPlatform: d09bf68614088b80899f8185d706f6e7 -> 
  custom:scripting/monoscript/fileName/RankPage.cs: 49d26e38578c1e602013e6a83bc4e515 -> 
  custom:video-encoder-webm-vp8: eb34c28f22e8b96e1ab97ce403110664 -> 
  custom:audio-decoder-ogg-vorbis: bf7c407c2cedff20999df2af8eb42d56 -> 
  custom:audio-encoder-webm-vorbis: bf7c407c2cedff20999df2af8eb42d56 -> 
  custom:scripting/precompiled-assembly-types:Assembly-CSharp: fc6aa3de6f4e1b18cce3b1080e236c06 -> 4c5b523d8f1eb9c015508154981ab5e0
========================================================================
Received Prepare
Caller must complete domain reload
Begin MonoManager ReloadAssembly
- Loaded All Assemblies, in  0.521 seconds
Native extension for WindowsStandalone target not found
Native extension for Android target not found
Mono: successfully reloaded assembly
- Finished resetting the current domain, in  1.231 seconds
Domain Reload Profiling: 1746ms
	BeginReloadAssembly (170ms)
		ExecutionOrderSort (0ms)
		DisableScriptedObjects (10ms)
		BackupInstance (0ms)
		ReleaseScriptingObjects (0ms)
		CreateAndSetChildDomain (30ms)
	RebuildCommonClasses (30ms)
	RebuildNativeTypeToScriptingClass (10ms)
	initialDomainReloadingComplete (34ms)
	LoadAllAssembliesAndSetupDomain (270ms)
		LoadAssemblies (355ms)
		RebuildTransferFunctionScriptingTraits (0ms)
		AnalyzeDomain (15ms)
			TypeCache.Refresh (7ms)
				TypeCache.ScanAssembly (0ms)
			ScanForSourceGeneratedMonoScriptInfo (0ms)
			ResolveRequiredComponents (6ms)
	FinalizeReload (1232ms)
		ReleaseScriptCaches (0ms)
		RebuildScriptCaches (0ms)
		SetupLoadedEditorAssemblies (411ms)
			LogAssemblyErrors (0ms)
			InitializePlatformSupportModulesInManaged (20ms)
			SetLoadedEditorAssemblies (3ms)
			RefreshPlugins (0ms)
			BeforeProcessingInitializeOnLoad (76ms)
			ProcessInitializeOnLoadAttributes (270ms)
			ProcessInitializeOnLoadMethodAttributes (30ms)
			AfterProcessingInitializeOnLoad (12ms)
			EditorAssembliesLoaded (0ms)
		ExecutionOrderSort2 (0ms)
		AwakeInstancesAfterBackupRestoration (14ms)
Refreshing native plugins compatible for Editor in 8.80 ms, found 4 plugins.
Preloading 0 native plugins for Editor in 0.00 ms.
Unloading 4049 Unused Serialized files (Serialized files now loaded: 0)
Unloading 19 unused Assets / (31.3 KB). Loaded Objects now: 4733.
Memory consumption went from 144.5 MB to 144.5 MB.
Total: 3.921900 ms (FindLiveObjects: 0.510800 ms CreateObjectMapping: 0.230000 ms MarkObjects: 3.140700 ms  DeleteObjects: 0.039600 ms)

Prepare: number of updated asset objects reloaded= 0
AssetImportParameters requested are different than current active one (requested -> active):
  custom:container-demuxer-ogg: 62fdf1f143b41e24485cea50d1cbac27 -> 
  custom:scripting/monoscript/fileName/GameManager.cs: 9933fbcc6190e2a9171c2ec8808a053e -> 
  custom:video-codec-MediaFoundation-h265: 746d11721c4dcdbdad8f713fa42b33f4 -> 
  custom:scripting/monoscript/fileName/StartDateManager.cs: 6b4b0b54107f235cc8d098251a9f60a7 -> 
  custom:video-decoder-ogg-theora: a1e56fd34408186e4bbccfd4996cb3dc -> 
  custom:framework-win-MediaFoundation: 216162199b28c13a410421893ffa2e32 -> 
  custom:CustomObjectIndexerAttribute: 9a22284fe3817be447336de3de66b15e -> 
  custom:container-demuxer-webm: 4f35f7cbe854078d1ac9338744f61a02 -> 
  custom:container-muxer-webm: aa71ff27fc2769a1b78a27578f13a17b -> 
  custom:video-decoder-webm-vp8: 9c59270c3fd7afecdb556c50c9e8de78 -> 
  custom:SearchIndexIgnoredProperties: e643bd26f0fe6173181afceb89e7c659 -> 
  custom:AudioImporter_EditorPlatform: d09bf68614088b80899f8185d706f6e7 -> 
  custom:scripting/monoscript/fileName/RankPage.cs: 49d26e38578c1e602013e6a83bc4e515 -> 
  custom:video-encoder-webm-vp8: eb34c28f22e8b96e1ab97ce403110664 -> 
  custom:audio-decoder-ogg-vorbis: bf7c407c2cedff20999df2af8eb42d56 -> 
  custom:audio-encoder-webm-vorbis: bf7c407c2cedff20999df2af8eb42d56 -> 
  custom:scripting/precompiled-assembly-types:Assembly-CSharp: fc6aa3de6f4e1b18cce3b1080e236c06 -> 4c5b523d8f1eb9c015508154981ab5e0
========================================================================
Received Import Request.
  Time since last request: 1465.177169 seconds.
  path: Assets/player17.prefab
  artifactKey: Guid(d46f0de8503334c4fb91a6546e923039) Importer(815301076,1909f56bfc062723c751e8b465ee728b)
Start importing Assets/player17.prefab using Guid(d46f0de8503334c4fb91a6546e923039) Importer(815301076,1909f56bfc062723c751e8b465ee728b) [PhysX] Initialized MultithreadedTaskDispatcher with 16 workers.
'HighScore' is missing the class attribute 'ExtensionOfNativeClass'!
GameObject (named 'player17') references runtime script in scene file. Fixing!
'HighScore' is missing the class attribute 'ExtensionOfNativeClass'!
[PhysX] Initialized MultithreadedTaskDispatcher with 16 workers.
'HighScore' is missing the class attribute 'ExtensionOfNativeClass'!
UnityEngine.StackTraceUtility:ExtractStackTrace ()
UnityEditor.EditorUtility:Internal_InstantiateRemoveAllNonAnimationComponentsSingle (UnityEngine.Object,UnityEngine.Vector3,UnityEngine.Quaternion)
UnityEditor.EditorUtility:InstantiateRemoveAllNonAnimationComponents (UnityEngine.Object,UnityEngine.Vector3,UnityEngine.Quaternion)
UnityEditor.EditorUtility:InstantiateForAnimatorPreview (UnityEngine.Object)
UnityEditor.GameObjectInspector/PreviewData:UpdateGameObject (UnityEngine.Object)
UnityEditor.GameObjectInspector/PreviewData:.ctor (UnityEngine.Object,bool)
UnityEditor.GameObjectInspector:GetPreviewData (bool)
UnityEditor.GameObjectInspector:RenderStaticPreview (string,UnityEngine.Object[],int,int)
UnityEditor.AssetPreviewUpdater:CreatePreview (UnityEngine.Object,UnityEngine.Object[],string,int,int)
UnityEditor.AssetPreviewUpdater:CreatePreviewForAsset (UnityEngine.Object,UnityEngine.Object[],string)

[C:\build\output\unity\unity\Runtime\Scripting\ManagedReference\SerializableManagedRef.cpp line 149]

 -> (artifact id: 'd1d26ab69ede6957c120de71e6edec5f') in 0.060234 seconds
Number of updated asset objects reloaded before import = 0
Number of asset objects unloaded after import = 38
========================================================================
Received Import Request.
  Time since last request: 0.000012 seconds.
  path: Assets/기본화살.prefab
  artifactKey: Guid(6494f0ca2475a9d4994afab4256b38f8) Importer(815301076,1909f56bfc062723c751e8b465ee728b)
Start importing Assets/기본화살.prefab using Guid(6494f0ca2475a9d4994afab4256b38f8) Importer(815301076,1909f56bfc062723c751e8b465ee728b) [PhysX] Initialized MultithreadedTaskDispatcher with 16 workers.
[PhysX] Initialized MultithreadedTaskDispatcher with 16 workers.
 -> (artifact id: '835c0e05947cc0ead0bac53f093179ee') in 0.007560 seconds
Number of updated asset objects reloaded before import = 0
Number of asset objects unloaded after import = 7
========================================================================
Received Import Request.
  Time since last request: 0.000012 seconds.
  path: Assets/미니화살.prefab
  artifactKey: Guid(9c198dac741436c46af52c42286320ae) Importer(815301076,1909f56bfc062723c751e8b465ee728b)
Start importing Assets/미니화살.prefab using Guid(9c198dac741436c46af52c42286320ae) Importer(815301076,1909f56bfc062723c751e8b465ee728b) [PhysX] Initialized MultithreadedTaskDispatcher with 16 workers.
[PhysX] Initialized MultithreadedTaskDispatcher with 16 workers.
 -> (artifact id: '6f3f97e667f80818b1442bba89119c00') in 0.006676 seconds
Number of updated asset objects reloaded before import = 0
Number of asset objects unloaded after import = 7
========================================================================
Received Import Request.
  Time since last request: 0.000013 seconds.
  path: Assets/직업궁수 (1).prefab
  artifactKey: Guid(ab1d077f731f0ba438ad34a6bedb40e5) Importer(815301076,1909f56bfc062723c751e8b465ee728b)
Start importing Assets/직업궁수 (1).prefab using Guid(ab1d077f731f0ba438ad34a6bedb40e5) Importer(815301076,1909f56bfc062723c751e8b465ee728b) [PhysX] Initialized MultithreadedTaskDispatcher with 16 workers.
[PhysX] Initialized MultithreadedTaskDispatcher with 16 workers.
 -> (artifact id: 'e9edef8045af6f5567f72882b6a5ec53') in 0.008679 seconds
Number of updated asset objects reloaded before import = 0
Number of asset objects unloaded after import = 45
========================================================================
Received Import Request.
  Time since last request: 0.000013 seconds.
  path: Assets/파도.prefab
  artifactKey: Guid(e0106f1651d02f94394d1f2e53831df2) Importer(815301076,1909f56bfc062723c751e8b465ee728b)
Start importing Assets/파도.prefab using Guid(e0106f1651d02f94394d1f2e53831df2) Importer(815301076,1909f56bfc062723c751e8b465ee728b) [PhysX] Initialized MultithreadedTaskDispatcher with 16 workers.
[PhysX] Initialized MultithreadedTaskDispatcher with 16 workers.
 -> (artifact id: 'bf1087e3d84beb3c2729e7ef3e2a90a9') in 0.006800 seconds
Number of updated asset objects reloaded before import = 0
Number of asset objects unloaded after import = 7
========================================================================
Received Import Request.
  Time since last request: 0.000017 seconds.
  path: Assets/비.prefab
  artifactKey: Guid(8c8eab28d84f3124baa2e8fe1142ebd2) Importer(815301076,1909f56bfc062723c751e8b465ee728b)
Start importing Assets/비.prefab using Guid(8c8eab28d84f3124baa2e8fe1142ebd2) Importer(815301076,1909f56bfc062723c751e8b465ee728b) [PhysX] Initialized MultithreadedTaskDispatcher with 16 workers.
[PhysX] Initialized MultithreadedTaskDispatcher with 16 workers.
 -> (artifact id: 'fe4a91e0d76fb699aa209f0a9e9e2c30') in 0.007112 seconds
Number of updated asset objects reloaded before import = 0
Number of asset objects unloaded after import = 7
========================================================================
Received Import Request.
  Time since last request: 0.000023 seconds.
  path: Assets/가짜땅.prefab
  artifactKey: Guid(acd1d39970982b44e94537b52e0458db) Importer(815301076,1909f56bfc062723c751e8b465ee728b)
Start importing Assets/가짜땅.prefab using Guid(acd1d39970982b44e94537b52e0458db) Importer(815301076,1909f56bfc062723c751e8b465ee728b) [PhysX] Initialized MultithreadedTaskDispatcher with 16 workers.
[PhysX] Initialized MultithreadedTaskDispatcher with 16 workers.
 -> (artifact id: '16857dbbae5c15a17560d3f0e6a0ca07') in 0.008659 seconds
Number of updated asset objects reloaded before import = 0
Number of asset objects unloaded after import = 9
========================================================================
Received Import Request.
  Time since last request: 0.710473 seconds.
  path: Assets
  artifactKey: Guid(00000000000000001000000000000000) Importer(815301076,1909f56bfc062723c751e8b465ee728b)
Start importing Assets using Guid(00000000000000001000000000000000) Importer(815301076,1909f56bfc062723c751e8b465ee728b) [PhysX] Initialized MultithreadedTaskDispatcher with 16 workers.
 -> (artifact id: 'ae5280ad91af67e2a353905758f96678') in 0.000568 seconds
Number of updated asset objects reloaded before import = 0
Number of asset objects unloaded after import = 0
========================================================================
Received Import Request.
  Time since last request: 11.585076 seconds.
  path: Assets/prefabs
  artifactKey: Guid(fc773713fabfbf749804e46314ed1d5e) Importer(815301076,1909f56bfc062723c751e8b465ee728b)
Start importing Assets/prefabs using Guid(fc773713fabfbf749804e46314ed1d5e) Importer(815301076,1909f56bfc062723c751e8b465ee728b) [PhysX] Initialized MultithreadedTaskDispatcher with 16 workers.
 -> (artifact id: '392b685d2a989a1639b6f3eccfbc1738') in 0.000813 seconds
Number of updated asset objects reloaded before import = 0
Number of asset objects unloaded after import = 0
========================================================================
Received Import Request.
  Time since last request: 54.101790 seconds.
  path: Assets/Script/직업궁수.prefab
  artifactKey: Guid(796c338d7df221d439e63ea2c9d44118) Importer(815301076,1909f56bfc062723c751e8b465ee728b)
Start importing Assets/Script/직업궁수.prefab using Guid(796c338d7df221d439e63ea2c9d44118) Importer(815301076,1909f56bfc062723c751e8b465ee728b) [PhysX] Initialized MultithreadedTaskDispatcher with 16 workers.
[PhysX] Initialized MultithreadedTaskDispatcher with 16 workers.
 -> (artifact id: '692bc0b82a3bcf853d01de9fac5f0e45') in 0.012270 seconds
Number of updated asset objects reloaded before import = 0
Number of asset objects unloaded after import = 33
========================================================================
Received Import Request.
  Time since last request: 3.224522 seconds.
  path: Assets/Script/직업궁수.prefab
  artifactKey: Guid(796c338d7df221d439e63ea2c9d44118) Importer(815301076,1909f56bfc062723c751e8b465ee728b)
Start importing Assets/Script/직업궁수.prefab using Guid(796c338d7df221d439e63ea2c9d44118) Importer(815301076,1909f56bfc062723c751e8b465ee728b) [PhysX] Initialized MultithreadedTaskDispatcher with 16 workers.
[PhysX] Initialized MultithreadedTaskDispatcher with 16 workers.
 -> (artifact id: 'd7e1979733b4a3c5d62092c6174290a9') in 0.008780 seconds
Number of updated asset objects reloaded before import = 0
Number of asset objects unloaded after import = 26
========================================================================
Received Prepare
Caller must complete domain reload
Begin MonoManager ReloadAssembly
- Loaded All Assemblies, in  0.493 seconds
Native extension for WindowsStandalone target not found
Native extension for Android target not found
Mono: successfully reloaded assembly
- Finished resetting the current domain, in  1.190 seconds
Domain Reload Profiling: 1678ms
	BeginReloadAssembly (160ms)
		ExecutionOrderSort (0ms)
		DisableScriptedObjects (10ms)
		BackupInstance (0ms)
		ReleaseScriptingObjects (0ms)
		CreateAndSetChildDomain (27ms)
	RebuildCommonClasses (33ms)
	RebuildNativeTypeToScriptingClass (10ms)
	initialDomainReloadingComplete (34ms)
	LoadAllAssembliesAndSetupDomain (250ms)
		LoadAssemblies (330ms)
		RebuildTransferFunctionScriptingTraits (0ms)
		AnalyzeDomain (13ms)
			TypeCache.Refresh (5ms)
				TypeCache.ScanAssembly (0ms)
			ScanForSourceGeneratedMonoScriptInfo (0ms)
			ResolveRequiredComponents (6ms)
	FinalizeReload (1191ms)
		ReleaseScriptCaches (0ms)
		RebuildScriptCaches (0ms)
		SetupLoadedEditorAssemblies (410ms)
			LogAssemblyErrors (0ms)
			InitializePlatformSupportModulesInManaged (20ms)
			SetLoadedEditorAssemblies (3ms)
			RefreshPlugins (0ms)
			BeforeProcessingInitializeOnLoad (77ms)
			ProcessInitializeOnLoadAttributes (269ms)
			ProcessInitializeOnLoadMethodAttributes (29ms)
			AfterProcessingInitializeOnLoad (11ms)
			EditorAssembliesLoaded (0ms)
		ExecutionOrderSort2 (0ms)
		AwakeInstancesAfterBackupRestoration (13ms)
Refreshing native plugins compatible for Editor in 8.12 ms, found 4 plugins.
Preloading 0 native plugins for Editor in 0.00 ms.
Unloading 4048 Unused Serialized files (Serialized files now loaded: 0)
Unloading 19 unused Assets / (31.2 KB). Loaded Objects now: 4737.
Memory consumption went from 144.3 MB to 144.3 MB.
Total: 3.718300 ms (FindLiveObjects: 0.283700 ms CreateObjectMapping: 0.202800 ms MarkObjects: 3.192600 ms  DeleteObjects: 0.038500 ms)

Prepare: number of updated asset objects reloaded= 0
AssetImportParameters requested are different than current active one (requested -> active):
  custom:container-demuxer-ogg: 62fdf1f143b41e24485cea50d1cbac27 -> 
  custom:scripting/monoscript/fileName/GameManager.cs: 9933fbcc6190e2a9171c2ec8808a053e -> 
  custom:video-codec-MediaFoundation-h265: 746d11721c4dcdbdad8f713fa42b33f4 -> 
  custom:scripting/monoscript/fileName/StartDateManager.cs: 6b4b0b54107f235cc8d098251a9f60a7 -> 
  custom:video-decoder-ogg-theora: a1e56fd34408186e4bbccfd4996cb3dc -> 
  custom:framework-win-MediaFoundation: 216162199b28c13a410421893ffa2e32 -> 
  custom:CustomObjectIndexerAttribute: 9a22284fe3817be447336de3de66b15e -> 
  custom:container-demuxer-webm: 4f35f7cbe854078d1ac9338744f61a02 -> 
  custom:container-muxer-webm: aa71ff27fc2769a1b78a27578f13a17b -> 
  custom:video-decoder-webm-vp8: 9c59270c3fd7afecdb556c50c9e8de78 -> 
  custom:SearchIndexIgnoredProperties: e643bd26f0fe6173181afceb89e7c659 -> 
  custom:AudioImporter_EditorPlatform: d09bf68614088b80899f8185d706f6e7 -> 
  custom:scripting/monoscript/fileName/RankPage.cs: 49d26e38578c1e602013e6a83bc4e515 -> 
  custom:video-encoder-webm-vp8: eb34c28f22e8b96e1ab97ce403110664 -> 
  custom:audio-decoder-ogg-vorbis: bf7c407c2cedff20999df2af8eb42d56 -> 
  custom:audio-encoder-webm-vorbis: bf7c407c2cedff20999df2af8eb42d56 -> 
  custom:scripting/precompiled-assembly-types:Assembly-CSharp: fc6aa3de6f4e1b18cce3b1080e236c06 -> 4c5b523d8f1eb9c015508154981ab5e0
========================================================================
Received Prepare
Caller must complete domain reload
Begin MonoManager ReloadAssembly
- Loaded All Assemblies, in  0.477 seconds
Native extension for WindowsStandalone target not found
Native extension for Android target not found
Mono: successfully reloaded assembly
- Finished resetting the current domain, in  1.238 seconds
Domain Reload Profiling: 1710ms
	BeginReloadAssembly (155ms)
		ExecutionOrderSort (0ms)
		DisableScriptedObjects (10ms)
		BackupInstance (0ms)
		ReleaseScriptingObjects (0ms)
		CreateAndSetChildDomain (27ms)
	RebuildCommonClasses (31ms)
	RebuildNativeTypeToScriptingClass (10ms)
	initialDomainReloadingComplete (33ms)
	LoadAllAssembliesAndSetupDomain (242ms)
		LoadAssemblies (317ms)
		RebuildTransferFunctionScriptingTraits (0ms)
		AnalyzeDomain (13ms)
			TypeCache.Refresh (5ms)
				TypeCache.ScanAssembly (0ms)
			ScanForSourceGeneratedMonoScriptInfo (0ms)
			ResolveRequiredComponents (6ms)
	FinalizeReload (1238ms)
		ReleaseScriptCaches (0ms)
		RebuildScriptCaches (0ms)
		SetupLoadedEditorAssemblies (421ms)
			LogAssemblyErrors (0ms)
			InitializePlatformSupportModulesInManaged (23ms)
			SetLoadedEditorAssemblies (3ms)
			RefreshPlugins (0ms)
			BeforeProcessingInitializeOnLoad (83ms)
			ProcessInitializeOnLoadAttributes (265ms)
			ProcessInitializeOnLoadMethodAttributes (32ms)
			AfterProcessingInitializeOnLoad (14ms)
			EditorAssembliesLoaded (0ms)
		ExecutionOrderSort2 (0ms)
		AwakeInstancesAfterBackupRestoration (16ms)
Refreshing native plugins compatible for Editor in 9.21 ms, found 4 plugins.
Preloading 0 native plugins for Editor in 0.00 ms.
Unloading 4049 Unused Serialized files (Serialized files now loaded: 0)
Unloading 19 unused Assets / (31.2 KB). Loaded Objects now: 4741.
Memory consumption went from 144.6 MB to 144.5 MB.
Total: 3.136700 ms (FindLiveObjects: 0.287300 ms CreateObjectMapping: 0.187900 ms MarkObjects: 2.619900 ms  DeleteObjects: 0.040900 ms)

Prepare: number of updated asset objects reloaded= 0
AssetImportParameters requested are different than current active one (requested -> active):
  custom:container-demuxer-ogg: 62fdf1f143b41e24485cea50d1cbac27 -> 
  custom:scripting/monoscript/fileName/GameManager.cs: 9933fbcc6190e2a9171c2ec8808a053e -> 
  custom:video-codec-MediaFoundation-h265: 746d11721c4dcdbdad8f713fa42b33f4 -> 
  custom:scripting/monoscript/fileName/StartDateManager.cs: 6b4b0b54107f235cc8d098251a9f60a7 -> 
  custom:video-decoder-ogg-theora: a1e56fd34408186e4bbccfd4996cb3dc -> 
  custom:framework-win-MediaFoundation: 216162199b28c13a410421893ffa2e32 -> 
  custom:CustomObjectIndexerAttribute: 9a22284fe3817be447336de3de66b15e -> 
  custom:container-demuxer-webm: 4f35f7cbe854078d1ac9338744f61a02 -> 
  custom:container-muxer-webm: aa71ff27fc2769a1b78a27578f13a17b -> 
  custom:video-decoder-webm-vp8: 9c59270c3fd7afecdb556c50c9e8de78 -> 
  custom:SearchIndexIgnoredProperties: e643bd26f0fe6173181afceb89e7c659 -> 
  custom:AudioImporter_EditorPlatform: d09bf68614088b80899f8185d706f6e7 -> 
  custom:scripting/monoscript/fileName/RankPage.cs: 49d26e38578c1e602013e6a83bc4e515 -> 
  custom:video-encoder-webm-vp8: eb34c28f22e8b96e1ab97ce403110664 -> 
  custom:audio-decoder-ogg-vorbis: bf7c407c2cedff20999df2af8eb42d56 -> 
  custom:audio-encoder-webm-vorbis: bf7c407c2cedff20999df2af8eb42d56 -> 
  custom:scripting/precompiled-assembly-types:Assembly-CSharp: fc6aa3de6f4e1b18cce3b1080e236c06 -> 4c5b523d8f1eb9c015508154981ab5e0
========================================================================
Received Prepare
Caller must complete domain reload
Begin MonoManager ReloadAssembly
- Loaded All Assemblies, in  0.478 seconds
Native extension for WindowsStandalone target not found
Native extension for Android target not found
Mono: successfully reloaded assembly
- Finished resetting the current domain, in  1.327 seconds
Domain Reload Profiling: 1800ms
	BeginReloadAssembly (151ms)
		ExecutionOrderSort (0ms)
		DisableScriptedObjects (11ms)
		BackupInstance (0ms)
		ReleaseScriptingObjects (0ms)
		CreateAndSetChildDomain (26ms)
	RebuildCommonClasses (32ms)
	RebuildNativeTypeToScriptingClass (10ms)
	initialDomainReloadingComplete (34ms)
	LoadAllAssembliesAndSetupDomain (246ms)
		LoadAssemblies (317ms)
		RebuildTransferFunctionScriptingTraits (0ms)
		AnalyzeDomain (13ms)
			TypeCache.Refresh (5ms)
				TypeCache.ScanAssembly (0ms)
			ScanForSourceGeneratedMonoScriptInfo (0ms)
			ResolveRequiredComponents (6ms)
	FinalizeReload (1327ms)
		ReleaseScriptCaches (0ms)
		RebuildScriptCaches (0ms)
		SetupLoadedEditorAssemblies (465ms)
			LogAssemblyErrors (0ms)
			InitializePlatformSupportModulesInManaged (24ms)
			SetLoadedEditorAssemblies (5ms)
			RefreshPlugins (0ms)
			BeforeProcessingInitializeOnLoad (91ms)
			ProcessInitializeOnLoadAttributes (301ms)
			ProcessInitializeOnLoadMethodAttributes (31ms)
			AfterProcessingInitializeOnLoad (12ms)
			EditorAssembliesLoaded (0ms)
		ExecutionOrderSort2 (0ms)
		AwakeInstancesAfterBackupRestoration (14ms)
Refreshing native plugins compatible for Editor in 8.21 ms, found 4 plugins.
Preloading 0 native plugins for Editor in 0.00 ms.
Unloading 4049 Unused Serialized files (Serialized files now loaded: 0)
Unloading 19 unused Assets / (31.2 KB). Loaded Objects now: 4745.
Memory consumption went from 144.6 MB to 144.5 MB.
Total: 3.618700 ms (FindLiveObjects: 0.305500 ms CreateObjectMapping: 0.411600 ms MarkObjects: 2.863100 ms  DeleteObjects: 0.037900 ms)

Prepare: number of updated asset objects reloaded= 0
AssetImportParameters requested are different than current active one (requested -> active):
  custom:container-demuxer-ogg: 62fdf1f143b41e24485cea50d1cbac27 -> 
  custom:scripting/monoscript/fileName/GameManager.cs: 9933fbcc6190e2a9171c2ec8808a053e -> 
  custom:video-codec-MediaFoundation-h265: 746d11721c4dcdbdad8f713fa42b33f4 -> 
  custom:scripting/monoscript/fileName/StartDateManager.cs: 6b4b0b54107f235cc8d098251a9f60a7 -> 
  custom:video-decoder-ogg-theora: a1e56fd34408186e4bbccfd4996cb3dc -> 
  custom:framework-win-MediaFoundation: 216162199b28c13a410421893ffa2e32 -> 
  custom:CustomObjectIndexerAttribute: 9a22284fe3817be447336de3de66b15e -> 
  custom:container-demuxer-webm: 4f35f7cbe854078d1ac9338744f61a02 -> 
  custom:container-muxer-webm: aa71ff27fc2769a1b78a27578f13a17b -> 
  custom:video-decoder-webm-vp8: 9c59270c3fd7afecdb556c50c9e8de78 -> 
  custom:SearchIndexIgnoredProperties: e643bd26f0fe6173181afceb89e7c659 -> 
  custom:AudioImporter_EditorPlatform: d09bf68614088b80899f8185d706f6e7 -> 
  custom:scripting/monoscript/fileName/RankPage.cs: 49d26e38578c1e602013e6a83bc4e515 -> 
  custom:video-encoder-webm-vp8: eb34c28f22e8b96e1ab97ce403110664 -> 
  custom:audio-decoder-ogg-vorbis: bf7c407c2cedff20999df2af8eb42d56 -> 
  custom:audio-encoder-webm-vorbis: bf7c407c2cedff20999df2af8eb42d56 -> 
  custom:scripting/precompiled-assembly-types:Assembly-CSharp: fc6aa3de6f4e1b18cce3b1080e236c06 -> 4c5b523d8f1eb9c015508154981ab5e0
========================================================================
Received Prepare
Caller must complete domain reload
Begin MonoManager ReloadAssembly
- Loaded All Assemblies, in  0.474 seconds
Native extension for WindowsStandalone target not found
Native extension for Android target not found
Mono: successfully reloaded assembly
- Finished resetting the current domain, in  1.157 seconds
Domain Reload Profiling: 1625ms
	BeginReloadAssembly (151ms)
		ExecutionOrderSort (0ms)
		DisableScriptedObjects (10ms)
		BackupInstance (0ms)
		ReleaseScriptingObjects (0ms)
		CreateAndSetChildDomain (25ms)
	RebuildCommonClasses (30ms)
	RebuildNativeTypeToScriptingClass (10ms)
	initialDomainReloadingComplete (34ms)
	LoadAllAssembliesAndSetupDomain (242ms)
		LoadAssemblies (315ms)
		RebuildTransferFunctionScriptingTraits (0ms)
		AnalyzeDomain (13ms)
			TypeCache.Refresh (5ms)
				TypeCache.ScanAssembly (0ms)
			ScanForSourceGeneratedMonoScriptInfo (0ms)
			ResolveRequiredComponents (6ms)
	FinalizeReload (1158ms)
		ReleaseScriptCaches (0ms)
		RebuildScriptCaches (0ms)
		SetupLoadedEditorAssemblies (393ms)
			LogAssemblyErrors (0ms)
			InitializePlatformSupportModulesInManaged (19ms)
			SetLoadedEditorAssemblies (3ms)
			RefreshPlugins (0ms)
			BeforeProcessingInitializeOnLoad (74ms)
			ProcessInitializeOnLoadAttributes (259ms)
			ProcessInitializeOnLoadMethodAttributes (28ms)
			AfterProcessingInitializeOnLoad (11ms)
			EditorAssembliesLoaded (0ms)
		ExecutionOrderSort2 (0ms)
		AwakeInstancesAfterBackupRestoration (13ms)
Refreshing native plugins compatible for Editor in 7.70 ms, found 4 plugins.
Preloading 0 native plugins for Editor in 0.00 ms.
Unloading 4049 Unused Serialized files (Serialized files now loaded: 0)
Unloading 19 unused Assets / (31.2 KB). Loaded Objects now: 4749.
Memory consumption went from 144.6 MB to 144.6 MB.
Total: 3.308900 ms (FindLiveObjects: 0.296500 ms CreateObjectMapping: 0.230600 ms MarkObjects: 2.744600 ms  DeleteObjects: 0.036600 ms)

Prepare: number of updated asset objects reloaded= 0
AssetImportParameters requested are different than current active one (requested -> active):
  custom:container-demuxer-ogg: 62fdf1f143b41e24485cea50d1cbac27 -> 
  custom:scripting/monoscript/fileName/GameManager.cs: 9933fbcc6190e2a9171c2ec8808a053e -> 
  custom:video-codec-MediaFoundation-h265: 746d11721c4dcdbdad8f713fa42b33f4 -> 
  custom:scripting/monoscript/fileName/StartDateManager.cs: 6b4b0b54107f235cc8d098251a9f60a7 -> 
  custom:video-decoder-ogg-theora: a1e56fd34408186e4bbccfd4996cb3dc -> 
  custom:framework-win-MediaFoundation: 216162199b28c13a410421893ffa2e32 -> 
  custom:CustomObjectIndexerAttribute: 9a22284fe3817be447336de3de66b15e -> 
  custom:container-demuxer-webm: 4f35f7cbe854078d1ac9338744f61a02 -> 
  custom:container-muxer-webm: aa71ff27fc2769a1b78a27578f13a17b -> 
  custom:video-decoder-webm-vp8: 9c59270c3fd7afecdb556c50c9e8de78 -> 
  custom:SearchIndexIgnoredProperties: e643bd26f0fe6173181afceb89e7c659 -> 
  custom:AudioImporter_EditorPlatform: d09bf68614088b80899f8185d706f6e7 -> 
  custom:scripting/monoscript/fileName/RankPage.cs: 49d26e38578c1e602013e6a83bc4e515 -> 
  custom:video-encoder-webm-vp8: eb34c28f22e8b96e1ab97ce403110664 -> 
  custom:audio-decoder-ogg-vorbis: bf7c407c2cedff20999df2af8eb42d56 -> 
  custom:audio-encoder-webm-vorbis: bf7c407c2cedff20999df2af8eb42d56 -> 
  custom:scripting/precompiled-assembly-types:Assembly-CSharp: fc6aa3de6f4e1b18cce3b1080e236c06 -> 4c5b523d8f1eb9c015508154981ab5e0
========================================================================
Received Prepare
Caller must complete domain reload
Begin MonoManager ReloadAssembly
- Loaded All Assemblies, in  0.498 seconds
Native extension for WindowsStandalone target not found
Native extension for Android target not found
Mono: successfully reloaded assembly
- Finished resetting the current domain, in  1.246 seconds
Domain Reload Profiling: 1738ms
	BeginReloadAssembly (159ms)
		ExecutionOrderSort (0ms)
		DisableScriptedObjects (10ms)
		BackupInstance (0ms)
		ReleaseScriptingObjects (0ms)
		CreateAndSetChildDomain (30ms)
	RebuildCommonClasses (30ms)
	RebuildNativeTypeToScriptingClass (10ms)
	initialDomainReloadingComplete (33ms)
	LoadAllAssembliesAndSetupDomain (260ms)
		LoadAssemblies (335ms)
		RebuildTransferFunctionScriptingTraits (0ms)
		AnalyzeDomain (13ms)
			TypeCache.Refresh (6ms)
				TypeCache.ScanAssembly (0ms)
			ScanForSourceGeneratedMonoScriptInfo (0ms)
			ResolveRequiredComponents (6ms)
	FinalizeReload (1246ms)
		ReleaseScriptCaches (0ms)
		RebuildScriptCaches (0ms)
		SetupLoadedEditorAssemblies (427ms)
			LogAssemblyErrors (0ms)
			InitializePlatformSupportModulesInManaged (23ms)
			SetLoadedEditorAssemblies (4ms)
			RefreshPlugins (0ms)
			BeforeProcessingInitializeOnLoad (89ms)
			ProcessInitializeOnLoadAttributes (271ms)
			ProcessInitializeOnLoadMethodAttributes (29ms)
			AfterProcessingInitializeOnLoad (11ms)
			EditorAssembliesLoaded (0ms)
		ExecutionOrderSort2 (0ms)
		AwakeInstancesAfterBackupRestoration (13ms)
Refreshing native plugins compatible for Editor in 7.81 ms, found 4 plugins.
Preloading 0 native plugins for Editor in 0.00 ms.
Unloading 4049 Unused Serialized files (Serialized files now loaded: 0)
Unloading 19 unused Assets / (31.3 KB). Loaded Objects now: 4753.
Memory consumption went from 144.6 MB to 144.6 MB.
Total: 3.479000 ms (FindLiveObjects: 0.327100 ms CreateObjectMapping: 0.308700 ms MarkObjects: 2.805700 ms  DeleteObjects: 0.036500 ms)

Prepare: number of updated asset objects reloaded= 0
AssetImportParameters requested are different than current active one (requested -> active):
  custom:container-demuxer-ogg: 62fdf1f143b41e24485cea50d1cbac27 -> 
  custom:scripting/monoscript/fileName/GameManager.cs: 9933fbcc6190e2a9171c2ec8808a053e -> 
  custom:video-codec-MediaFoundation-h265: 746d11721c4dcdbdad8f713fa42b33f4 -> 
  custom:scripting/monoscript/fileName/StartDateManager.cs: 6b4b0b54107f235cc8d098251a9f60a7 -> 
  custom:video-decoder-ogg-theora: a1e56fd34408186e4bbccfd4996cb3dc -> 
  custom:framework-win-MediaFoundation: 216162199b28c13a410421893ffa2e32 -> 
  custom:CustomObjectIndexerAttribute: 9a22284fe3817be447336de3de66b15e -> 
  custom:container-demuxer-webm: 4f35f7cbe854078d1ac9338744f61a02 -> 
  custom:container-muxer-webm: aa71ff27fc2769a1b78a27578f13a17b -> 
  custom:video-decoder-webm-vp8: 9c59270c3fd7afecdb556c50c9e8de78 -> 
  custom:SearchIndexIgnoredProperties: e643bd26f0fe6173181afceb89e7c659 -> 
  custom:AudioImporter_EditorPlatform: d09bf68614088b80899f8185d706f6e7 -> 
  custom:scripting/monoscript/fileName/RankPage.cs: 49d26e38578c1e602013e6a83bc4e515 -> 
  custom:video-encoder-webm-vp8: eb34c28f22e8b96e1ab97ce403110664 -> 
  custom:audio-decoder-ogg-vorbis: bf7c407c2cedff20999df2af8eb42d56 -> 
  custom:audio-encoder-webm-vorbis: bf7c407c2cedff20999df2af8eb42d56 -> 
  custom:scripting/precompiled-assembly-types:Assembly-CSharp: fc6aa3de6f4e1b18cce3b1080e236c06 -> 4c5b523d8f1eb9c015508154981ab5e0
========================================================================
Received Prepare
Caller must complete domain reload
Begin MonoManager ReloadAssembly
- Loaded All Assemblies, in  0.498 seconds
Native extension for WindowsStandalone target not found
Native extension for Android target not found
Mono: successfully reloaded assembly
- Finished resetting the current domain, in  1.267 seconds
Domain Reload Profiling: 1759ms
	BeginReloadAssembly (165ms)
		ExecutionOrderSort (0ms)
		DisableScriptedObjects (11ms)
		BackupInstance (0ms)
		ReleaseScriptingObjects (0ms)
		CreateAndSetChildDomain (28ms)
	RebuildCommonClasses (31ms)
	RebuildNativeTypeToScriptingClass (10ms)
	initialDomainReloadingComplete (33ms)
	LoadAllAssembliesAndSetupDomain (253ms)
		LoadAssemblies (333ms)
		RebuildTransferFunctionScriptingTraits (0ms)
		AnalyzeDomain (14ms)
			TypeCache.Refresh (6ms)
				TypeCache.ScanAssembly (0ms)
			ScanForSourceGeneratedMonoScriptInfo (0ms)
			ResolveRequiredComponents (6ms)
	FinalizeReload (1268ms)
		ReleaseScriptCaches (0ms)
		RebuildScriptCaches (0ms)
		SetupLoadedEditorAssemblies (416ms)
			LogAssemblyErrors (0ms)
			InitializePlatformSupportModulesInManaged (25ms)
			SetLoadedEditorAssemblies (4ms)
			RefreshPlugins (0ms)
			BeforeProcessingInitializeOnLoad (85ms)
			ProcessInitializeOnLoadAttributes (264ms)
			ProcessInitializeOnLoadMethodAttributes (28ms)
			AfterProcessingInitializeOnLoad (11ms)
			EditorAssembliesLoaded (0ms)
		ExecutionOrderSort2 (0ms)
		AwakeInstancesAfterBackupRestoration (13ms)
Refreshing native plugins compatible for Editor in 8.62 ms, found 4 plugins.
Preloading 0 native plugins for Editor in 0.00 ms.
Unloading 4049 Unused Serialized files (Serialized files now loaded: 0)
Unloading 19 unused Assets / (31.3 KB). Loaded Objects now: 4757.
Memory consumption went from 144.6 MB to 144.6 MB.
Total: 3.567900 ms (FindLiveObjects: 0.284900 ms CreateObjectMapping: 0.189800 ms MarkObjects: 3.052800 ms  DeleteObjects: 0.039600 ms)

Prepare: number of updated asset objects reloaded= 0
AssetImportParameters requested are different than current active one (requested -> active):
  custom:container-demuxer-ogg: 62fdf1f143b41e24485cea50d1cbac27 -> 
  custom:scripting/monoscript/fileName/GameManager.cs: 9933fbcc6190e2a9171c2ec8808a053e -> 
  custom:video-codec-MediaFoundation-h265: 746d11721c4dcdbdad8f713fa42b33f4 -> 
  custom:scripting/monoscript/fileName/StartDateManager.cs: 6b4b0b54107f235cc8d098251a9f60a7 -> 
  custom:video-decoder-ogg-theora: a1e56fd34408186e4bbccfd4996cb3dc -> 
  custom:framework-win-MediaFoundation: 216162199b28c13a410421893ffa2e32 -> 
  custom:CustomObjectIndexerAttribute: 9a22284fe3817be447336de3de66b15e -> 
  custom:container-demuxer-webm: 4f35f7cbe854078d1ac9338744f61a02 -> 
  custom:container-muxer-webm: aa71ff27fc2769a1b78a27578f13a17b -> 
  custom:video-decoder-webm-vp8: 9c59270c3fd7afecdb556c50c9e8de78 -> 
  custom:SearchIndexIgnoredProperties: e643bd26f0fe6173181afceb89e7c659 -> 
  custom:AudioImporter_EditorPlatform: d09bf68614088b80899f8185d706f6e7 -> 
  custom:scripting/monoscript/fileName/RankPage.cs: 49d26e38578c1e602013e6a83bc4e515 -> 
  custom:video-encoder-webm-vp8: eb34c28f22e8b96e1ab97ce403110664 -> 
  custom:audio-decoder-ogg-vorbis: bf7c407c2cedff20999df2af8eb42d56 -> 
  custom:audio-encoder-webm-vorbis: bf7c407c2cedff20999df2af8eb42d56 -> 
  custom:scripting/precompiled-assembly-types:Assembly-CSharp: fc6aa3de6f4e1b18cce3b1080e236c06 -> 4c5b523d8f1eb9c015508154981ab5e0
========================================================================
Received Prepare
Caller must complete domain reload
Begin MonoManager ReloadAssembly
- Loaded All Assemblies, in  0.476 seconds
Native extension for WindowsStandalone target not found
Native extension for Android target not found
Mono: successfully reloaded assembly
- Finished resetting the current domain, in  1.206 seconds
Domain Reload Profiling: 1676ms
	BeginReloadAssembly (154ms)
		ExecutionOrderSort (0ms)
		DisableScriptedObjects (10ms)
		BackupInstance (0ms)
		ReleaseScriptingObjects (0ms)
		CreateAndSetChildDomain (24ms)
	RebuildCommonClasses (30ms)
	RebuildNativeTypeToScriptingClass (9ms)
	initialDomainReloadingComplete (32ms)
	LoadAllAssembliesAndSetupDomain (244ms)
		LoadAssemblies (321ms)
		RebuildTransferFunctionScriptingTraits (0ms)
		AnalyzeDomain (13ms)
			TypeCache.Refresh (5ms)
				TypeCache.ScanAssembly (0ms)
			ScanForSourceGeneratedMonoScriptInfo (0ms)
			ResolveRequiredComponents (6ms)
	FinalizeReload (1206ms)
		ReleaseScriptCaches (0ms)
		RebuildScriptCaches (0ms)
		SetupLoadedEditorAssemblies (422ms)
			LogAssemblyErrors (0ms)
			InitializePlatformSupportModulesInManaged (21ms)
			SetLoadedEditorAssemblies (3ms)
			RefreshPlugins (0ms)
			BeforeProcessingInitializeOnLoad (81ms)
			ProcessInitializeOnLoadAttributes (275ms)
			ProcessInitializeOnLoadMethodAttributes (30ms)
			AfterProcessingInitializeOnLoad (12ms)
			EditorAssembliesLoaded (0ms)
		ExecutionOrderSort2 (0ms)
		AwakeInstancesAfterBackupRestoration (15ms)
Refreshing native plugins compatible for Editor in 8.05 ms, found 4 plugins.
Preloading 0 native plugins for Editor in 0.00 ms.
Unloading 4049 Unused Serialized files (Serialized files now loaded: 0)
Unloading 19 unused Assets / (31.2 KB). Loaded Objects now: 4761.
Memory consumption went from 144.6 MB to 144.6 MB.
Total: 3.228200 ms (FindLiveObjects: 0.297500 ms CreateObjectMapping: 0.221800 ms MarkObjects: 2.650200 ms  DeleteObjects: 0.057500 ms)

Prepare: number of updated asset objects reloaded= 0
AssetImportParameters requested are different than current active one (requested -> active):
  custom:container-demuxer-ogg: 62fdf1f143b41e24485cea50d1cbac27 -> 
  custom:scripting/monoscript/fileName/GameManager.cs: 9933fbcc6190e2a9171c2ec8808a053e -> 
  custom:video-codec-MediaFoundation-h265: 746d11721c4dcdbdad8f713fa42b33f4 -> 
  custom:scripting/monoscript/fileName/StartDateManager.cs: 6b4b0b54107f235cc8d098251a9f60a7 -> 
  custom:video-decoder-ogg-theora: a1e56fd34408186e4bbccfd4996cb3dc -> 
  custom:framework-win-MediaFoundation: 216162199b28c13a410421893ffa2e32 -> 
  custom:CustomObjectIndexerAttribute: 9a22284fe3817be447336de3de66b15e -> 
  custom:container-demuxer-webm: 4f35f7cbe854078d1ac9338744f61a02 -> 
  custom:container-muxer-webm: aa71ff27fc2769a1b78a27578f13a17b -> 
  custom:video-decoder-webm-vp8: 9c59270c3fd7afecdb556c50c9e8de78 -> 
  custom:SearchIndexIgnoredProperties: e643bd26f0fe6173181afceb89e7c659 -> 
  custom:AudioImporter_EditorPlatform: d09bf68614088b80899f8185d706f6e7 -> 
  custom:scripting/monoscript/fileName/RankPage.cs: 49d26e38578c1e602013e6a83bc4e515 -> 
  custom:video-encoder-webm-vp8: eb34c28f22e8b96e1ab97ce403110664 -> 
  custom:audio-decoder-ogg-vorbis: bf7c407c2cedff20999df2af8eb42d56 -> 
  custom:audio-encoder-webm-vorbis: bf7c407c2cedff20999df2af8eb42d56 -> 
  custom:scripting/precompiled-assembly-types:Assembly-CSharp: fc6aa3de6f4e1b18cce3b1080e236c06 -> 4c5b523d8f1eb9c015508154981ab5e0
========================================================================
Received Import Request.
  Time since last request: 455.714414 seconds.
  path: Assets/prefabs/RankPrefab.prefab
  artifactKey: Guid(367c1b4a6b458ec4383e37f6263c0e03) Importer(815301076,1909f56bfc062723c751e8b465ee728b)
Start importing Assets/prefabs/RankPrefab.prefab using Guid(367c1b4a6b458ec4383e37f6263c0e03) Importer(815301076,1909f56bfc062723c751e8b465ee728b) [PhysX] Initialized MultithreadedTaskDispatcher with 16 workers.
 -> (artifact id: '4bd2f7fe5aa365fc0e24c45dd7c54d90') in 0.059043 seconds
Number of updated asset objects reloaded before import = 0
Number of asset objects unloaded after import = 18
========================================================================
Received Import Request.
  Time since last request: 3.885183 seconds.
  path: Assets/prefabs/RankPrefab.prefab
  artifactKey: Guid(367c1b4a6b458ec4383e37f6263c0e03) Importer(815301076,1909f56bfc062723c751e8b465ee728b)
Start importing Assets/prefabs/RankPrefab.prefab using Guid(367c1b4a6b458ec4383e37f6263c0e03) Importer(815301076,1909f56bfc062723c751e8b465ee728b) [PhysX] Initialized MultithreadedTaskDispatcher with 16 workers.
 -> (artifact id: '1da3e8b4d0217696a98f2d7cd223985f') in 0.021896 seconds
Number of updated asset objects reloaded before import = 0
Number of asset objects unloaded after import = 18
========================================================================
Received Import Request.
  Time since last request: 5.868944 seconds.
  path: Assets/prefabs/RankPrefab.prefab
  artifactKey: Guid(367c1b4a6b458ec4383e37f6263c0e03) Importer(815301076,1909f56bfc062723c751e8b465ee728b)
Start importing Assets/prefabs/RankPrefab.prefab using Guid(367c1b4a6b458ec4383e37f6263c0e03) Importer(815301076,1909f56bfc062723c751e8b465ee728b) [PhysX] Initialized MultithreadedTaskDispatcher with 16 workers.
 -> (artifact id: '62c550bd3c888afb3207aa99d5ba74d7') in 0.019643 seconds
Number of updated asset objects reloaded before import = 0
Number of asset objects unloaded after import = 18
========================================================================
Received Prepare
Caller must complete domain reload
Begin MonoManager ReloadAssembly
- Loaded All Assemblies, in  0.484 seconds
Native extension for WindowsStandalone target not found
Native extension for Android target not found
Mono: successfully reloaded assembly
- Finished resetting the current domain, in  1.300 seconds
Domain Reload Profiling: 1779ms
	BeginReloadAssembly (156ms)
		ExecutionOrderSort (0ms)
		DisableScriptedObjects (10ms)
		BackupInstance (0ms)
		ReleaseScriptingObjects (0ms)
		CreateAndSetChildDomain (26ms)
	RebuildCommonClasses (33ms)
	RebuildNativeTypeToScriptingClass (10ms)
	initialDomainReloadingComplete (34ms)
	LoadAllAssembliesAndSetupDomain (245ms)
		LoadAssemblies (322ms)
		RebuildTransferFunctionScriptingTraits (0ms)
		AnalyzeDomain (13ms)
			TypeCache.Refresh (5ms)
				TypeCache.ScanAssembly (0ms)
			ScanForSourceGeneratedMonoScriptInfo (0ms)
			ResolveRequiredComponents (6ms)
	FinalizeReload (1300ms)
		ReleaseScriptCaches (0ms)
		RebuildScriptCaches (0ms)
		SetupLoadedEditorAssemblies (461ms)
			LogAssemblyErrors (0ms)
			InitializePlatformSupportModulesInManaged (22ms)
			SetLoadedEditorAssemblies (3ms)
			RefreshPlugins (0ms)
			BeforeProcessingInitializeOnLoad (82ms)
			ProcessInitializeOnLoadAttributes (304ms)
			ProcessInitializeOnLoadMethodAttributes (35ms)
			AfterProcessingInitializeOnLoad (14ms)
			EditorAssembliesLoaded (0ms)
		ExecutionOrderSort2 (0ms)
		AwakeInstancesAfterBackupRestoration (15ms)
Refreshing native plugins compatible for Editor in 10.13 ms, found 4 plugins.
Preloading 0 native plugins for Editor in 0.00 ms.
Unloading 4048 Unused Serialized files (Serialized files now loaded: 0)
Unloading 19 unused Assets / (31.2 KB). Loaded Objects now: 4765.
Memory consumption went from 144.3 MB to 144.3 MB.
Total: 3.927600 ms (FindLiveObjects: 0.393700 ms CreateObjectMapping: 0.345600 ms MarkObjects: 3.148500 ms  DeleteObjects: 0.039000 ms)

Prepare: number of updated asset objects reloaded= 0
AssetImportParameters requested are different than current active one (requested -> active):
  custom:container-demuxer-ogg: 62fdf1f143b41e24485cea50d1cbac27 -> 
  custom:scripting/monoscript/fileName/GameManager.cs: 9933fbcc6190e2a9171c2ec8808a053e -> 
  custom:video-codec-MediaFoundation-h265: 746d11721c4dcdbdad8f713fa42b33f4 -> 
  custom:scripting/monoscript/fileName/StartDateManager.cs: 6b4b0b54107f235cc8d098251a9f60a7 -> 
  custom:video-decoder-ogg-theora: a1e56fd34408186e4bbccfd4996cb3dc -> 
  custom:framework-win-MediaFoundation: 216162199b28c13a410421893ffa2e32 -> 
  custom:CustomObjectIndexerAttribute: 9a22284fe3817be447336de3de66b15e -> 
  custom:container-demuxer-webm: 4f35f7cbe854078d1ac9338744f61a02 -> 
  custom:container-muxer-webm: aa71ff27fc2769a1b78a27578f13a17b -> 
  custom:video-decoder-webm-vp8: 9c59270c3fd7afecdb556c50c9e8de78 -> 
  custom:SearchIndexIgnoredProperties: e643bd26f0fe6173181afceb89e7c659 -> 
  custom:AudioImporter_EditorPlatform: d09bf68614088b80899f8185d706f6e7 -> 
  custom:scripting/monoscript/fileName/RankPage.cs: 49d26e38578c1e602013e6a83bc4e515 -> 
  custom:video-encoder-webm-vp8: eb34c28f22e8b96e1ab97ce403110664 -> 
  custom:audio-decoder-ogg-vorbis: bf7c407c2cedff20999df2af8eb42d56 -> 
  custom:audio-encoder-webm-vorbis: bf7c407c2cedff20999df2af8eb42d56 -> 
  custom:scripting/precompiled-assembly-types:Assembly-CSharp: fc6aa3de6f4e1b18cce3b1080e236c06 -> 4c5b523d8f1eb9c015508154981ab5e0
